DATAFLOW,LAST UPDATE,freq,sex,isced11,age,unit,geo,TIME_PERIOD,OBS_VALUE,OBS_FLAG
ESTAT:EDAT_LFSE_04(1.0),27/09/22 23:00:00,A,T,ED0-2,Y20-24,PC,DK01,2010,25.1,
ESTAT:EDAT_LFSE_04(1.0),27/09/22 23:00:00,A,T,ED0-2,Y20-24,PC,DK02,2010,40.1,
ESTAT:EDAT_LFSE_04(1.0),27/09/22 23:00:00,A,T,ED0-2,Y20-24,PC,DK03,2010,34.4,
ESTAT:EDAT_LFSE_04(1.0),27/09/22 23:00:00,A,T,ED0-2,Y20-24,PC,DK04,2010,31.5,
ESTAT:EDAT_LFSE_04(1.0),27/09/22 23:00:00,A,T,ED0-2,Y20-24,PC,DK05,2010,31.5,
ESTAT:EDAT_LFSE_04(1.0),27/09/22 23:00:00,A,T,ED0-2,Y20-24,PC,FR10,2010,16.8,
ESTAT:EDAT_LFSE_04(1.0),27/09/22 23:00:00,A,T,ED0-2,Y20-24,PC,FRB0,2010,14.1,
ESTAT:EDAT_LFSE_04(1.0),27/09/22 23:00:00,A,T,ED0-2,Y20-24,PC,FRC1,2010,20.2,
ESTAT:EDAT_LFSE_04(1.0),27/09/22 23:00:00,A,T,ED0-2,Y20-24,PC,FRC2,2010,19.0,
ESTAT:EDAT_LFSE_04(1.0),27/09/22 23:00:00,A,T,ED0-2,Y20-24,PC,FRD1,2010,13.5,
ESTAT:EDAT_LFSE_04(1.0),27/09/22 23:00:00,A,T,ED0-2,Y20-24,PC,FRD2,2010,21.2,
ESTAT:EDAT_LFSE_04(1.0),27/09/22 23:00:00,A,T,ED0-2,Y20-24,PC,FRE1,2010,17.8,
ESTAT:EDAT_LFSE_04(1.0),27/09/22 23:00:00,A,T,ED0-2,Y20-24,PC,FRE2,2010,26.0,
ESTAT:EDAT_LFSE_04(1.0),27/09/22 23:00:00,A,T,ED0-2,Y20-24,PC,FRF1,2010,12.7,
ESTAT:EDAT_LFSE_04(1.0),27/09/22 23:00:00,A,T,ED0-2,Y20-24,PC,FRF2,2010,17.4,
ESTAT:EDAT_LFSE_04(1.0),27/09/22 23:00:00,A,T,ED0-2,Y20-24,PC,FRF3,2010,19.8,
ESTAT:EDAT_LFSE_04(1.0),27/09/22 23:00:00,A,T,ED0-2,Y20-24,PC,FRG0,2010,14.1,
ESTAT:EDAT_LFSE_04(1.0),27/09/22 23:00:00,A,T,ED0-2,Y20-24,PC,FRH0,2010,11.7,
ESTAT:EDAT_LFSE_04(1.0),27/09/22 23:00:00,A,T,ED0-2,Y20-24,PC,FRI1,2010,12.5,
ESTAT:EDAT_LFSE_04(1.0),27/09/22 23:00:00,A,T,ED0-2,Y20-24,PC,FRI2,2010,,u
ESTAT:EDAT_LFSE_04(1.0),27/09/22 23:00:00,A,T,ED0-2,Y20-24,PC,FRI3,2010,13.3,u
ESTAT:EDAT_LFSE_04(1.0),27/09/22 23:00:00,A,T,ED0-2,Y20-24,PC,FRJ1,2010,27.1,
ESTAT:EDAT_LFSE_04(1.0),27/09/22 23:00:00,A,T,ED0-2,Y20-24,PC,FRJ2,2010,11.4,
ESTAT:EDAT_LFSE_04(1.0),27/09/22 23:00:00,A,T,ED0-2,Y20-24,PC,FRK1,2010,11.3,u
ESTAT:EDAT_LFSE_04(1.0),27/09/22 23:00:00,A,T,ED0-2,Y20-24,PC,FRK2,2010,18.3,
ESTAT:EDAT_LFSE_04(1.0),27/09/22 23:00:00,A,T,ED0-2,Y20-24,PC,FRL0,2010,20.1,
ESTAT:EDAT_LFSE_04(1.0),27/09/22 23:00:00,A,T,ED0-2,Y20-24,PC,FRM0,2010,,u
ESTAT:EDAT_LFSE_04(1.0),27/09/22 23:00:00,A,T,ED0-2,Y20-24,PC,HU10,2010,13.7,
ESTAT:EDAT_LFSE_04(1.0),27/09/22 23:00:00,A,T,ED0-2,Y20-24,PC,HU21,2010,19.4,
ESTAT:EDAT_LFSE_04(1.0),27/09/22 23:00:00,A,T,ED0-2,Y20-24,PC,HU22,2010,13.8,
ESTAT:EDAT_LFSE_04(1.0),27/09/22 23:00:00,A,T,ED0-2,Y20-24,PC,HU23,2010,19.0,
ESTAT:EDAT_LFSE_04(1.0),27/09/22 23:00:00,A,T,ED0-2,Y20-24,PC,HU31,2010,21.8,
ESTAT:EDAT_LFSE_04(1.0),27/09/22 23:00:00,A,T,ED0-2,Y20-24,PC,HU32,2010,17.8,
ESTAT:EDAT_LFSE_04(1.0),27/09/22 23:00:00,A,T,ED0-2,Y20-24,PC,HU33,2010,13.2,
ESTAT:EDAT_LFSE_04(1.0),27/09/22 23:00:00,A,T,ED0-2,Y20-24,PC,PT11,2010,39.8,
ESTAT:EDAT_LFSE_04(1.0),27/09/22 23:00:00,A,T,ED0-2,Y20-24,PC,PT15,2010,42.6,
ESTAT:EDAT_LFSE_04(1.0),27/09/22 23:00:00,A,T,ED0-2,Y20-24,PC,PT16,2010,44.8,
ESTAT:EDAT_LFSE_04(1.0),27/09/22 23:00:00,A,T,ED0-2,Y20-24,PC,PT17,2010,34.4,
ESTAT:EDAT_LFSE_04(1.0),27/09/22 23:00:00,A,T,ED0-2,Y20-24,PC,PT18,2010,43.8,
ESTAT:EDAT_LFSE_04(1.0),27/09/22 23:00:00,A,T,ED0-2,Y20-24,PC,PT20,2010,57.7,
ESTAT:EDAT_LFSE_04(1.0),27/09/22 23:00:00,A,T,ED0-2,Y20-24,PC,PT30,2010,54.0,
ESTAT:EDAT_LFSE_04(1.0),27/09/22 23:00:00,A,T,ED0-2,Y20-24,PC,SK01,2010,7.4,
ESTAT:EDAT_LFSE_04(1.0),27/09/22 23:00:00,A,T,ED0-2,Y20-24,PC,SK02,2010,4.9,
ESTAT:EDAT_LFSE_04(1.0),27/09/22 23:00:00,A,T,ED0-2,Y20-24,PC,SK03,2010,6.0,
ESTAT:EDAT_LFSE_04(1.0),27/09/22 23:00:00,A,T,ED0-2,Y20-24,PC,SK04,2010,9.5,
ESTAT:EDAT_LFSE_04(1.0),27/09/22 23:00:00,A,T,ED0-2,Y25-34,PC,DK01,2010,17.2,
ESTAT:EDAT_LFSE_04(1.0),27/09/22 23:00:00,A,T,ED0-2,Y25-34,PC,DK02,2010,27.2,
ESTAT:EDAT_LFSE_04(1.0),27/09/22 23:00:00,A,T,ED0-2,Y25-34,PC,DK03,2010,24.5,
ESTAT:EDAT_LFSE_04(1.0),27/09/22 23:00:00,A,T,ED0-2,Y25-34,PC,DK04,2010,19.6,
ESTAT:EDAT_LFSE_04(1.0),27/09/22 23:00:00,A,T,ED0-2,Y25-34,PC,DK05,2010,20.7,
ESTAT:EDAT_LFSE_04(1.0),27/09/22 23:00:00,A,T,ED0-2,Y25-34,PC,FR10,2010,16.3,
ESTAT:EDAT_LFSE_04(1.0),27/09/22 23:00:00,A,T,ED0-2,Y25-34,PC,FRB0,2010,15.8,
ESTAT:EDAT_LFSE_04(1.0),27/09/22 23:00:00,A,T,ED0-2,Y25-34,PC,FRC1,2010,21.5,
ESTAT:EDAT_LFSE_04(1.0),27/09/22 23:00:00,A,T,ED0-2,Y25-34,PC,FRC2,2010,21.2,
ESTAT:EDAT_LFSE_04(1.0),27/09/22 23:00:00,A,T,ED0-2,Y25-34,PC,FRD1,2010,14.8,
ESTAT:EDAT_LFSE_04(1.0),27/09/22 23:00:00,A,T,ED0-2,Y25-34,PC,FRD2,2010,20.6,
ESTAT:EDAT_LFSE_04(1.0),27/09/22 23:00:00,A,T,ED0-2,Y25-34,PC,FRE1,2010,18.9,
ESTAT:EDAT_LFSE_04(1.0),27/09/22 23:00:00,A,T,ED0-2,Y25-34,PC,FRE2,2010,20.5,
ESTAT:EDAT_LFSE_04(1.0),27/09/22 23:00:00,A,T,ED0-2,Y25-34,PC,FRF1,2010,11.2,
ESTAT:EDAT_LFSE_04(1.0),27/09/22 23:00:00,A,T,ED0-2,Y25-34,PC,FRF2,2010,17.8,
ESTAT:EDAT_LFSE_04(1.0),27/09/22 23:00:00,A,T,ED0-2,Y25-34,PC,FRF3,2010,16.5,
ESTAT:EDAT_LFSE_04(1.0),27/09/22 23:00:00,A,T,ED0-2,Y25-34,PC,FRG0,2010,12.6,
ESTAT:EDAT_LFSE_04(1.0),27/09/22 23:00:00,A,T,ED0-2,Y25-34,PC,FRH0,2010,10.0,
ESTAT:EDAT_LFSE_04(1.0),27/09/22 23:00:00,A,T,ED0-2,Y25-34,PC,FRI1,2010,16.0,
ESTAT:EDAT_LFSE_04(1.0),27/09/22 23:00:00,A,T,ED0-2,Y25-34,PC,FRI2,2010,17.7,
ESTAT:EDAT_LFSE_04(1.0),27/09/22 23:00:00,A,T,ED0-2,Y25-34,PC,FRI3,2010,13.2,
ESTAT:EDAT_LFSE_04(1.0),27/09/22 23:00:00,A,T,ED0-2,Y25-34,PC,FRJ1,2010,21.4,
ESTAT:EDAT_LFSE_04(1.0),27/09/22 23:00:00,A,T,ED0-2,Y25-34,PC,FRJ2,2010,10.2,
ESTAT:EDAT_LFSE_04(1.0),27/09/22 23:00:00,A,T,ED0-2,Y25-34,PC,FRK1,2010,11.2,
ESTAT:EDAT_LFSE_04(1.0),27/09/22 23:00:00,A,T,ED0-2,Y25-34,PC,FRK2,2010,17.2,
ESTAT:EDAT_LFSE_04(1.0),27/09/22 23:00:00,A,T,ED0-2,Y25-34,PC,FRL0,2010,18.8,
ESTAT:EDAT_LFSE_04(1.0),27/09/22 23:00:00,A,T,ED0-2,Y25-34,PC,FRM0,2010,25.3,u
ESTAT:EDAT_LFSE_04(1.0),27/09/22 23:00:00,A,T,ED0-2,Y25-34,PC,HU10,2010,9.0,
ESTAT:EDAT_LFSE_04(1.0),27/09/22 23:00:00,A,T,ED0-2,Y25-34,PC,HU21,2010,17.5,
ESTAT:EDAT_LFSE_04(1.0),27/09/22 23:00:00,A,T,ED0-2,Y25-34,PC,HU22,2010,10.6,
ESTAT:EDAT_LFSE_04(1.0),27/09/22 23:00:00,A,T,ED0-2,Y25-34,PC,HU23,2010,17.8,
ESTAT:EDAT_LFSE_04(1.0),27/09/22 23:00:00,A,T,ED0-2,Y25-34,PC,HU31,2010,19.4,
ESTAT:EDAT_LFSE_04(1.0),27/09/22 23:00:00,A,T,ED0-2,Y25-34,PC,HU32,2010,17.4,
ESTAT:EDAT_LFSE_04(1.0),27/09/22 23:00:00,A,T,ED0-2,Y25-34,PC,HU33,2010,12.4,
ESTAT:EDAT_LFSE_04(1.0),27/09/22 23:00:00,A,T,ED0-2,Y25-34,PC,PT11,2010,54.0,
ESTAT:EDAT_LFSE_04(1.0),27/09/22 23:00:00,A,T,ED0-2,Y25-34,PC,PT15,2010,40.9,
ESTAT:EDAT_LFSE_04(1.0),27/09/22 23:00:00,A,T,ED0-2,Y25-34,PC,PT16,2010,47.2,
ESTAT:EDAT_LFSE_04(1.0),27/09/22 23:00:00,A,T,ED0-2,Y25-34,PC,PT17,2010,37.1,
ESTAT:EDAT_LFSE_04(1.0),27/09/22 23:00:00,A,T,ED0-2,Y25-34,PC,PT18,2010,51.0,
ESTAT:EDAT_LFSE_04(1.0),27/09/22 23:00:00,A,T,ED0-2,Y25-34,PC,PT20,2010,67.3,
ESTAT:EDAT_LFSE_04(1.0),27/09/22 23:00:00,A,T,ED0-2,Y25-34,PC,PT30,2010,53.2,
ESTAT:EDAT_LFSE_04(1.0),27/09/22 23:00:00,A,T,ED0-2,Y25-34,PC,SK01,2010,3.5,
ESTAT:EDAT_LFSE_04(1.0),27/09/22 23:00:00,A,T,ED0-2,Y25-34,PC,SK02,2010,4.0,
ESTAT:EDAT_LFSE_04(1.0),27/09/22 23:00:00,A,T,ED0-2,Y25-34,PC,SK03,2010,5.4,
ESTAT:EDAT_LFSE_04(1.0),27/09/22 23:00:00,A,T,ED0-2,Y25-34,PC,SK04,2010,9.7,
ESTAT:EDAT_LFSE_04(1.0),27/09/22 23:00:00,A,T,ED0-2,Y25-64,PC,DK01,2010,19.1,
ESTAT:EDAT_LFSE_04(1.0),27/09/22 23:00:00,A,T,ED0-2,Y25-64,PC,DK02,2010,28.5,
ESTAT:EDAT_LFSE_04(1.0),27/09/22 23:00:00,A,T,ED0-2,Y25-64,PC,DK03,2010,28.1,
ESTAT:EDAT_LFSE_04(1.0),27/09/22 23:00:00,A,T,ED0-2,Y25-64,PC,DK04,2010,25.1,
ESTAT:EDAT_LFSE_04(1.0),27/09/22 23:00:00,A,T,ED0-2,Y25-64,PC,DK05,2010,27.4,
ESTAT:EDAT_LFSE_04(1.0),27/09/22 23:00:00,A,T,ED0-2,Y25-64,PC,FR10,2010,27.3,
ESTAT:EDAT_LFSE_04(1.0),27/09/22 23:00:00,A,T,ED0-2,Y25-64,PC,FRB0,2010,30.0,
ESTAT:EDAT_LFSE_04(1.0),27/09/22 23:00:00,A,T,ED0-2,Y25-64,PC,FRC1,2010,31.8,
ESTAT:EDAT_LFSE_04(1.0),27/09/22 23:00:00,A,T,ED0-2,Y25-64,PC,FRC2,2010,34.4,
ESTAT:EDAT_LFSE_04(1.0),27/09/22 23:00:00,A,T,ED0-2,Y25-64,PC,FRD1,2010,29.9,
ESTAT:EDAT_LFSE_04(1.0),27/09/22 23:00:00,A,T,ED0-2,Y25-64,PC,FRD2,2010,37.1,
ESTAT:EDAT_LFSE_04(1.0),27/09/22 23:00:00,A,T,ED0-2,Y25-64,PC,FRE1,2010,33.2,
ESTAT:EDAT_LFSE_04(1.0),27/09/22 23:00:00,A,T,ED0-2,Y25-64,PC,FRE2,2010,38.6,
ESTAT:EDAT_LFSE_04(1.0),27/09/22 23:00:00,A,T,ED0-2,Y25-64,PC,FRF1,2010,24.2,
ESTAT:EDAT_LFSE_04(1.0),27/09/22 23:00:00,A,T,ED0-2,Y25-64,PC,FRF2,2010,35.0,
ESTAT:EDAT_LFSE_04(1.0),27/09/22 23:00:00,A,T,ED0-2,Y25-64,PC,FRF3,2010,31.2,
ESTAT:EDAT_LFSE_04(1.0),27/09/22 23:00:00,A,T,ED0-2,Y25-64,PC,FRG0,2010,27.8,
ESTAT:EDAT_LFSE_04(1.0),27/09/22 23:00:00,A,T,ED0-2,Y25-64,PC,FRH0,2010,23.3,
ESTAT:EDAT_LFSE_04(1.0),27/09/22 23:00:00,A,T,ED0-2,Y25-64,PC,FRI1,2010,26.3,
ESTAT:EDAT_LFSE_04(1.0),27/09/22 23:00:00,A,T,ED0-2,Y25-64,PC,FRI2,2010,29.6,
ESTAT:EDAT_LFSE_04(1.0),27/09/22 23:00:00,A,T,ED0-2,Y25-64,PC,FRI3,2010,29.0,
ESTAT:EDAT_LFSE_04(1.0),27/09/22 23:00:00,A,T,ED0-2,Y25-64,PC,FRJ1,2010,33.6,
ESTAT:EDAT_LFSE_04(1.0),27/09/22 23:00:00,A,T,ED0-2,Y25-64,PC,FRJ2,2010,22.2,
ESTAT:EDAT_LFSE_04(1.0),27/09/22 23:00:00,A,T,ED0-2,Y25-64,PC,FRK1,2010,26.7,
ESTAT:EDAT_LFSE_04(1.0),27/09/22 23:00:00,A,T,ED0-2,Y25-64,PC,FRK2,2010,27.9,
ESTAT:EDAT_LFSE_04(1.0),27/09/22 23:00:00,A,T,ED0-2,Y25-64,PC,FRL0,2010,31.9,
ESTAT:EDAT_LFSE_04(1.0),27/09/22 23:00:00,A,T,ED0-2,Y25-64,PC,FRM0,2010,44.7,u
ESTAT:EDAT_LFSE_04(1.0),27/09/22 23:00:00,A,T,ED0-2,Y25-64,PC,HU10,2010,12.7,
ESTAT:EDAT_LFSE_04(1.0),27/09/22 23:00:00,A,T,ED0-2,Y25-64,PC,HU21,2010,22.0,
ESTAT:EDAT_LFSE_04(1.0),27/09/22 23:00:00,A,T,ED0-2,Y25-64,PC,HU22,2010,17.0,
ESTAT:EDAT_LFSE_04(1.0),27/09/22 23:00:00,A,T,ED0-2,Y25-64,PC,HU23,2010,22.3,
ESTAT:EDAT_LFSE_04(1.0),27/09/22 23:00:00,A,T,ED0-2,Y25-64,PC,HU31,2010,22.3,
ESTAT:EDAT_LFSE_04(1.0),27/09/22 23:00:00,A,T,ED0-2,Y25-64,PC,HU32,2010,24.6,
ESTAT:EDAT_LFSE_04(1.0),27/09/22 23:00:00,A,T,ED0-2,Y25-64,PC,HU33,2010,19.5,
ESTAT:EDAT_LFSE_04(1.0),27/09/22 23:00:00,A,T,ED0-2,Y25-64,PC,PT11,2010,73.9,
ESTAT:EDAT_LFSE_04(1.0),27/09/22 23:00:00,A,T,ED0-2,Y25-64,PC,PT15,2010,63.0,
ESTAT:EDAT_LFSE_04(1.0),27/09/22 23:00:00,A,T,ED0-2,Y25-64,PC,PT16,2010,72.4,
ESTAT:EDAT_LFSE_04(1.0),27/09/22 23:00:00,A,T,ED0-2,Y25-64,PC,PT17,2010,56.6,
ESTAT:EDAT_LFSE_04(1.0),27/09/22 23:00:00,A,T,ED0-2,Y25-64,PC,PT18,2010,70.5,
ESTAT:EDAT_LFSE_04(1.0),27/09/22 23:00:00,A,T,ED0-2,Y25-64,PC,PT20,2010,78.3,
ESTAT:EDAT_LFSE_04(1.0),27/09/22 23:00:00,A,T,ED0-2,Y25-64,PC,PT30,2010,73.6,
ESTAT:EDAT_LFSE_04(1.0),27/09/22 23:00:00,A,T,ED0-2,Y25-64,PC,SK01,2010,5.8,
ESTAT:EDAT_LFSE_04(1.0),27/09/22 23:00:00,A,T,ED0-2,Y25-64,PC,SK02,2010,8.4,
ESTAT:EDAT_LFSE_04(1.0),27/09/22 23:00:00,A,T,ED0-2,Y25-64,PC,SK03,2010,9.5,
ESTAT:EDAT_LFSE_04(1.0),27/09/22 23:00:00,A,T,ED0-2,Y25-64,PC,SK04,2010,10.9,
ESTAT:EDAT_LFSE_04(1.0),27/09/22 23:00:00,A,T,ED0-2,Y30-34,PC,DK01,2010,15.8,
ESTAT:EDAT_LFSE_04(1.0),27/09/22 23:00:00,A,T,ED0-2,Y30-34,PC,DK02,2010,20.1,
ESTAT:EDAT_LFSE_04(1.0),27/09/22 23:00:00,A,T,ED0-2,Y30-34,PC,DK03,2010,21.9,
ESTAT:EDAT_LFSE_04(1.0),27/09/22 23:00:00,A,T,ED0-2,Y30-34,PC,DK04,2010,17.4,
ESTAT:EDAT_LFSE_04(1.0),27/09/22 23:00:00,A,T,ED0-2,Y30-34,PC,DK05,2010,18.1,
ESTAT:EDAT_LFSE_04(1.0),27/09/22 23:00:00,A,T,ED0-2,Y30-34,PC,FR10,2010,17.1,
ESTAT:EDAT_LFSE_04(1.0),27/09/22 23:00:00,A,T,ED0-2,Y30-34,PC,FRB0,2010,13.0,
ESTAT:EDAT_LFSE_04(1.0),27/09/22 23:00:00,A,T,ED0-2,Y30-34,PC,FRC1,2010,22.8,
ESTAT:EDAT_LFSE_04(1.0),27/09/22 23:00:00,A,T,ED0-2,Y30-34,PC,FRC2,2010,18.5,
ESTAT:EDAT_LFSE_04(1.0),27/09/22 23:00:00,A,T,ED0-2,Y30-34,PC,FRD1,2010,12.3,u
ESTAT:EDAT_LFSE_04(1.0),27/09/22 23:00:00,A,T,ED0-2,Y30-34,PC,FRD2,2010,20.9,
ESTAT:EDAT_LFSE_04(1.0),27/09/22 23:00:00,A,T,ED0-2,Y30-34,PC,FRE1,2010,18.0,
ESTAT:EDAT_LFSE_04(1.0),27/09/22 23:00:00,A,T,ED0-2,Y30-34,PC,FRE2,2010,18.8,
ESTAT:EDAT_LFSE_04(1.0),27/09/22 23:00:00,A,T,ED0-2,Y30-34,PC,FRF1,2010,11.8,
ESTAT:EDAT_LFSE_04(1.0),27/09/22 23:00:00,A,T,ED0-2,Y30-34,PC,FRF2,2010,14.9,u
ESTAT:EDAT_LFSE_04(1.0),27/09/22 23:00:00,A,T,ED0-2,Y30-34,PC,FRF3,2010,17.6,
ESTAT:EDAT_LFSE_04(1.0),27/09/22 23:00:00,A,T,ED0-2,Y30-34,PC,FRG0,2010,12.0,
ESTAT:EDAT_LFSE_04(1.0),27/09/22 23:00:00,A,T,ED0-2,Y30-34,PC,FRH0,2010,9.4,
ESTAT:EDAT_LFSE_04(1.0),27/09/22 23:00:00,A,T,ED0-2,Y30-34,PC,FRI1,2010,15.2,
ESTAT:EDAT_LFSE_04(1.0),27/09/22 23:00:00,A,T,ED0-2,Y30-34,PC,FRI2,2010,15.2,u
ESTAT:EDAT_LFSE_04(1.0),27/09/22 23:00:00,A,T,ED0-2,Y30-34,PC,FRI3,2010,12.3,
ESTAT:EDAT_LFSE_04(1.0),27/09/22 23:00:00,A,T,ED0-2,Y30-34,PC,FRJ1,2010,19.2,
ESTAT:EDAT_LFSE_04(1.0),27/09/22 23:00:00,A,T,ED0-2,Y30-34,PC,FRJ2,2010,8.5,
ESTAT:EDAT_LFSE_04(1.0),27/09/22 23:00:00,A,T,ED0-2,Y30-34,PC,FRK1,2010,12.4,u
ESTAT:EDAT_LFSE_04(1.0),27/09/22 23:00:00,A,T,ED0-2,Y30-34,PC,FRK2,2010,17.4,
ESTAT:EDAT_LFSE_04(1.0),27/09/22 23:00:00,A,T,ED0-2,Y30-34,PC,FRL0,2010,19.2,
ESTAT:EDAT_LFSE_04(1.0),27/09/22 23:00:00,A,T,ED0-2,Y30-34,PC,FRM0,2010,,u
ESTAT:EDAT_LFSE_04(1.0),27/09/22 23:00:00,A,T,ED0-2,Y30-34,PC,HU10,2010,8.6,
ESTAT:EDAT_LFSE_04(1.0),27/09/22 23:00:00,A,T,ED0-2,Y30-34,PC,HU21,2010,17.7,
ESTAT:EDAT_LFSE_04(1.0),27/09/22 23:00:00,A,T,ED0-2,Y30-34,PC,HU22,2010,11.4,
ESTAT:EDAT_LFSE_04(1.0),27/09/22 23:00:00,A,T,ED0-2,Y30-34,PC,HU23,2010,17.7,
ESTAT:EDAT_LFSE_04(1.0),27/09/22 23:00:00,A,T,ED0-2,Y30-34,PC,HU31,2010,18.4,
ESTAT:EDAT_LFSE_04(1.0),27/09/22 23:00:00,A,T,ED0-2,Y30-34,PC,HU32,2010,17.5,
ESTAT:EDAT_LFSE_04(1.0),27/09/22 23:00:00,A,T,ED0-2,Y30-34,PC,HU33,2010,13.8,
ESTAT:EDAT_LFSE_04(1.0),27/09/22 23:00:00,A,T,ED0-2,Y30-34,PC,PT11,2010,60.4,
ESTAT:EDAT_LFSE_04(1.0),27/09/22 23:00:00,A,T,ED0-2,Y30-34,PC,PT15,2010,41.7,
ESTAT:EDAT_LFSE_04(1.0),27/09/22 23:00:00,A,T,ED0-2,Y30-34,PC,PT16,2010,53.1,
ESTAT:EDAT_LFSE_04(1.0),27/09/22 23:00:00,A,T,ED0-2,Y30-34,PC,PT17,2010,39.2,
ESTAT:EDAT_LFSE_04(1.0),27/09/22 23:00:00,A,T,ED0-2,Y30-34,PC,PT18,2010,57.5,
ESTAT:EDAT_LFSE_04(1.0),27/09/22 23:00:00,A,T,ED0-2,Y30-34,PC,PT20,2010,70.6,
ESTAT:EDAT_LFSE_04(1.0),27/09/22 23:00:00,A,T,ED0-2,Y30-34,PC,PT30,2010,54.8,
ESTAT:EDAT_LFSE_04(1.0),27/09/22 23:00:00,A,T,ED0-2,Y30-34,PC,SK01,2010,,u
ESTAT:EDAT_LFSE_04(1.0),27/09/22 23:00:00,A,T,ED0-2,Y30-34,PC,SK02,2010,4.4,
ESTAT:EDAT_LFSE_04(1.0),27/09/22 23:00:00,A,T,ED0-2,Y30-34,PC,SK03,2010,4.0,
ESTAT:EDAT_LFSE_04(1.0),27/09/22 23:00:00,A,T,ED0-2,Y30-34,PC,SK04,2010,8.6,
ESTAT:EDAT_LFSE_04(1.0),27/09/22 23:00:00,A,T,ED3-8,Y20-24,PC,DK01,2010,74.9,
ESTAT:EDAT_LFSE_04(1.0),27/09/22 23:00:00,A,T,ED3-8,Y20-24,PC,DK02,2010,59.9,
ESTAT:EDAT_LFSE_04(1.0),27/09/22 23:00:00,A,T,ED3-8,Y20-24,PC,DK03,2010,65.6,
ESTAT:EDAT_LFSE_04(1.0),27/09/22 23:00:00,A,T,ED3-8,Y20-24,PC,DK04,2010,68.5,
ESTAT:EDAT_LFSE_04(1.0),27/09/22 23:00:00,A,T,ED3-8,Y20-24,PC,DK05,2010,68.5,
ESTAT:EDAT_LFSE_04(1.0),27/09/22 23:00:00,A,T,ED3-8,Y20-24,PC,FR10,2010,83.2,
ESTAT:EDAT_LFSE_04(1.0),27/09/22 23:00:00,A,T,ED3-8,Y20-24,PC,FRB0,2010,85.9,
ESTAT:EDAT_LFSE_04(1.0),27/09/22 23:00:00,A,T,ED3-8,Y20-24,PC,FRC1,2010,79.8,
ESTAT:EDAT_LFSE_04(1.0),27/09/22 23:00:00,A,T,ED3-8,Y20-24,PC,FRC2,2010,81.0,
ESTAT:EDAT_LFSE_04(1.0),27/09/22 23:00:00,A,T,ED3-8,Y20-24,PC,FRD1,2010,86.5,
ESTAT:EDAT_LFSE_04(1.0),27/09/22 23:00:00,A,T,ED3-8,Y20-24,PC,FRD2,2010,78.8,
ESTAT:EDAT_LFSE_04(1.0),27/09/22 23:00:00,A,T,ED3-8,Y20-24,PC,FRE1,2010,82.2,
ESTAT:EDAT_LFSE_04(1.0),27/09/22 23:00:00,A,T,ED3-8,Y20-24,PC,FRE2,2010,74.0,
ESTAT:EDAT_LFSE_04(1.0),27/09/22 23:00:00,A,T,ED3-8,Y20-24,PC,FRF1,2010,87.3,
ESTAT:EDAT_LFSE_04(1.0),27/09/22 23:00:00,A,T,ED3-8,Y20-24,PC,FRF2,2010,82.6,
ESTAT:EDAT_LFSE_04(1.0),27/09/22 23:00:00,A,T,ED3-8,Y20-24,PC,FRF3,2010,80.2,
ESTAT:EDAT_LFSE_04(1.0),27/09/22 23:00:00,A,T,ED3-8,Y20-24,PC,FRG0,2010,85.9,
ESTAT:EDAT_LFSE_04(1.0),27/09/22 23:00:00,A,T,ED3-8,Y20-24,PC,FRH0,2010,88.3,
ESTAT:EDAT_LFSE_04(1.0),27/09/22 23:00:00,A,T,ED3-8,Y20-24,PC,FRI1,2010,87.5,
ESTAT:EDAT_LFSE_04(1.0),27/09/22 23:00:00,A,T,ED3-8,Y20-24,PC,FRI2,2010,88.6,
ESTAT:EDAT_LFSE_04(1.0),27/09/22 23:00:00,A,T,ED3-8,Y20-24,PC,FRI3,2010,86.7,
ESTAT:EDAT_LFSE_04(1.0),27/09/22 23:00:00,A,T,ED3-8,Y20-24,PC,FRJ1,2010,72.9,
ESTAT:EDAT_LFSE_04(1.0),27/09/22 23:00:00,A,T,ED3-8,Y20-24,PC,FRJ2,2010,88.6,
ESTAT:EDAT_LFSE_04(1.0),27/09/22 23:00:00,A,T,ED3-8,Y20-24,PC,FRK1,2010,88.7,
ESTAT:EDAT_LFSE_04(1.0),27/09/22 23:00:00,A,T,ED3-8,Y20-24,PC,FRK2,2010,81.7,
ESTAT:EDAT_LFSE_04(1.0),27/09/22 23:00:00,A,T,ED3-8,Y20-24,PC,FRL0,2010,79.9,
ESTAT:EDAT_LFSE_04(1.0),27/09/22 23:00:00,A,T,ED3-8,Y20-24,PC,FRM0,2010,89.4,u
ESTAT:EDAT_LFSE_04(1.0),27/09/22 23:00:00,A,T,ED3-8,Y20-24,PC,HU10,2010,86.3,
ESTAT:EDAT_LFSE_04(1.0),27/09/22 23:00:00,A,T,ED3-8,Y20-24,PC,HU21,2010,80.6,
ESTAT:EDAT_LFSE_04(1.0),27/09/22 23:00:00,A,T,ED3-8,Y20-24,PC,HU22,2010,86.2,
ESTAT:EDAT_LFSE_04(1.0),27/09/22 23:00:00,A,T,ED3-8,Y20-24,PC,HU23,2010,81.0,
ESTAT:EDAT_LFSE_04(1.0),27/09/22 23:00:00,A,T,ED3-8,Y20-24,PC,HU31,2010,78.2,
ESTAT:EDAT_LFSE_04(1.0),27/09/22 23:00:00,A,T,ED3-8,Y20-24,PC,HU32,2010,82.2,
ESTAT:EDAT_LFSE_04(1.0),27/09/22 23:00:00,A,T,ED3-8,Y20-24,PC,HU33,2010,86.8,
ESTAT:EDAT_LFSE_04(1.0),27/09/22 23:00:00,A,T,ED3-8,Y20-24,PC,PT11,2010,60.2,
ESTAT:EDAT_LFSE_04(1.0),27/09/22 23:00:00,A,T,ED3-8,Y20-24,PC,PT15,2010,57.4,
ESTAT:EDAT_LFSE_04(1.0),27/09/22 23:00:00,A,T,ED3-8,Y20-24,PC,PT16,2010,55.2,
ESTAT:EDAT_LFSE_04(1.0),27/09/22 23:00:00,A,T,ED3-8,Y20-24,PC,PT17,2010,65.6,
ESTAT:EDAT_LFSE_04(1.0),27/09/22 23:00:00,A,T,ED3-8,Y20-24,PC,PT18,2010,56.2,
ESTAT:EDAT_LFSE_04(1.0),27/09/22 23:00:00,A,T,ED3-8,Y20-24,PC,PT20,2010,42.3,
ESTAT:EDAT_LFSE_04(1.0),27/09/22 23:00:00,A,T,ED3-8,Y20-24,PC,PT30,2010,46.0,
ESTAT:EDAT_LFSE_04(1.0),27/09/22 23:00:00,A,T,ED3-8,Y20-24,PC,SK01,2010,92.6,
ESTAT:EDAT_LFSE_04(1.0),27/09/22 23:00:00,A,T,ED3-8,Y20-24,PC,SK02,2010,95.1,
ESTAT:EDAT_LFSE_04(1.0),27/09/22 23:00:00,A,T,ED3-8,Y20-24,PC,SK03,2010,94.0,
ESTAT:EDAT_LFSE_04(1.0),27/09/22 23:00:00,A,T,ED3-8,Y20-24,PC,SK04,2010,90.5,
ESTAT:EDAT_LFSE_04(1.0),27/09/22 23:00:00,A,T,ED3-8,Y25-34,PC,DK01,2010,82.8,
ESTAT:EDAT_LFSE_04(1.0),27/09/22 23:00:00,A,T,ED3-8,Y25-34,PC,DK02,2010,72.8,
ESTAT:EDAT_LFSE_04(1.0),27/09/22 23:00:00,A,T,ED3-8,Y25-34,PC,DK03,2010,75.5,
ESTAT:EDAT_LFSE_04(1.0),27/09/22 23:00:00,A,T,ED3-8,Y25-34,PC,DK04,2010,80.4,
ESTAT:EDAT_LFSE_04(1.0),27/09/22 23:00:00,A,T,ED3-8,Y25-34,PC,DK05,2010,79.3,
ESTAT:EDAT_LFSE_04(1.0),27/09/22 23:00:00,A,T,ED3-8,Y25-34,PC,FR10,2010,83.7,
ESTAT:EDAT_LFSE_04(1.0),27/09/22 23:00:00,A,T,ED3-8,Y25-34,PC,FRB0,2010,84.2,
ESTAT:EDAT_LFSE_04(1.0),27/09/22 23:00:00,A,T,ED3-8,Y25-34,PC,FRC1,2010,78.5,
ESTAT:EDAT_LFSE_04(1.0),27/09/22 23:00:00,A,T,ED3-8,Y25-34,PC,FRC2,2010,78.8,
ESTAT:EDAT_LFSE_04(1.0),27/09/22 23:00:00,A,T,ED3-8,Y25-34,PC,FRD1,2010,85.2,
ESTAT:EDAT_LFSE_04(1.0),27/09/22 23:00:00,A,T,ED3-8,Y25-34,PC,FRD2,2010,79.4,
ESTAT:EDAT_LFSE_04(1.0),27/09/22 23:00:00,A,T,ED3-8,Y25-34,PC,FRE1,2010,81.1,
ESTAT:EDAT_LFSE_04(1.0),27/09/22 23:00:00,A,T,ED3-8,Y25-34,PC,FRE2,2010,79.5,
ESTAT:EDAT_LFSE_04(1.0),27/09/22 23:00:00,A,T,ED3-8,Y25-34,PC,FRF1,2010,88.8,
ESTAT:EDAT_LFSE_04(1.0),27/09/22 23:00:00,A,T,ED3-8,Y25-34,PC,FRF2,2010,82.2,
ESTAT:EDAT_LFSE_04(1.0),27/09/22 23:00:00,A,T,ED3-8,Y25-34,PC,FRF3,2010,83.5,
ESTAT:EDAT_LFSE_04(1.0),27/09/22 23:00:00,A,T,ED3-8,Y25-34,PC,FRG0,2010,87.4,
ESTAT:EDAT_LFSE_04(1.0),27/09/22 23:00:00,A,T,ED3-8,Y25-34,PC,FRH0,2010,90.0,
ESTAT:EDAT_LFSE_04(1.0),27/09/22 23:00:00,A,T,ED3-8,Y25-34,PC,FRI1,2010,84.0,
ESTAT:EDAT_LFSE_04(1.0),27/09/22 23:00:00,A,T,ED3-8,Y25-34,PC,FRI2,2010,82.3,
ESTAT:EDAT_LFSE_04(1.0),27/09/22 23:00:00,A,T,ED3-8,Y25-34,PC,FRI3,2010,86.8,
ESTAT:EDAT_LFSE_04(1.0),27/09/22 23:00:00,A,T,ED3-8,Y25-34,PC,FRJ1,2010,78.6,
ESTAT:EDAT_LFSE_04(1.0),27/09/22 23:00:00,A,T,ED3-8,Y25-34,PC,FRJ2,2010,89.8,
ESTAT:EDAT_LFSE_04(1.0),27/09/22 23:00:00,A,T,ED3-8,Y25-34,PC,FRK1,2010,88.8,
ESTAT:EDAT_LFSE_04(1.0),27/09/22 23:00:00,A,T,ED3-8,Y25-34,PC,FRK2,2010,82.8,
ESTAT:EDAT_LFSE_04(1.0),27/09/22 23:00:00,A,T,ED3-8,Y25-34,PC,FRL0,2010,81.2,
ESTAT:EDAT_LFSE_04(1.0),27/09/22 23:00:00,A,T,ED3-8,Y25-34,PC,FRM0,2010,74.7,u
ESTAT:EDAT_LFSE_04(1.0),27/09/22 23:00:00,A,T,ED3-8,Y25-34,PC,HU10,2010,91.0,
ESTAT:EDAT_LFSE_04(1.0),27/09/22 23:00:00,A,T,ED3-8,Y25-34,PC,HU21,2010,82.5,
ESTAT:EDAT_LFSE_04(1.0),27/09/22 23:00:00,A,T,ED3-8,Y25-34,PC,HU22,2010,89.4,
ESTAT:EDAT_LFSE_04(1.0),27/09/22 23:00:00,A,T,ED3-8,Y25-34,PC,HU23,2010,82.2,
ESTAT:EDAT_LFSE_04(1.0),27/09/22 23:00:00,A,T,ED3-8,Y25-34,PC,HU31,2010,80.6,
ESTAT:EDAT_LFSE_04(1.0),27/09/22 23:00:00,A,T,ED3-8,Y25-34,PC,HU32,2010,82.6,
ESTAT:EDAT_LFSE_04(1.0),27/09/22 23:00:00,A,T,ED3-8,Y25-34,PC,HU33,2010,87.6,
ESTAT:EDAT_LFSE_04(1.0),27/09/22 23:00:00,A,T,ED3-8,Y25-34,PC,PT11,2010,46.0,
ESTAT:EDAT_LFSE_04(1.0),27/09/22 23:00:00,A,T,ED3-8,Y25-34,PC,PT15,2010,59.1,
ESTAT:EDAT_LFSE_04(1.0),27/09/22 23:00:00,A,T,ED3-8,Y25-34,PC,PT16,2010,52.8,
ESTAT:EDAT_LFSE_04(1.0),27/09/22 23:00:00,A,T,ED3-8,Y25-34,PC,PT17,2010,62.9,
ESTAT:EDAT_LFSE_04(1.0),27/09/22 23:00:00,A,T,ED3-8,Y25-34,PC,PT18,2010,49.0,
ESTAT:EDAT_LFSE_04(1.0),27/09/22 23:00:00,A,T,ED3-8,Y25-34,PC,PT20,2010,32.7,
ESTAT:EDAT_LFSE_04(1.0),27/09/22 23:00:00,A,T,ED3-8,Y25-34,PC,PT30,2010,46.8,
ESTAT:EDAT_LFSE_04(1.0),27/09/22 23:00:00,A,T,ED3-8,Y25-34,PC,SK01,2010,96.5,
ESTAT:EDAT_LFSE_04(1.0),27/09/22 23:00:00,A,T,ED3-8,Y25-34,PC,SK02,2010,96.0,
ESTAT:EDAT_LFSE_04(1.0),27/09/22 23:00:00,A,T,ED3-8,Y25-34,PC,SK03,2010,94.6,
ESTAT:EDAT_LFSE_04(1.0),27/09/22 23:00:00,A,T,ED3-8,Y25-34,PC,SK04,2010,90.3,
ESTAT:EDAT_LFSE_04(1.0),27/09/22 23:00:00,A,T,ED3-8,Y25-64,PC,DK01,2010,80.9,
ESTAT:EDAT_LFSE_04(1.0),27/09/22 23:00:00,A,T,ED3-8,Y25-64,PC,DK02,2010,71.5,
ESTAT:EDAT_LFSE_04(1.0),27/09/22 23:00:00,A,T,ED3-8,Y25-64,PC,DK03,2010,71.9,
ESTAT:EDAT_LFSE_04(1.0),27/09/22 23:00:00,A,T,ED3-8,Y25-64,PC,DK04,2010,74.9,
ESTAT:EDAT_LFSE_04(1.0),27/09/22 23:00:00,A,T,ED3-8,Y25-64,PC,DK05,2010,72.6,
ESTAT:EDAT_LFSE_04(1.0),27/09/22 23:00:00,A,T,ED3-8,Y25-64,PC,FR10,2010,72.7,
ESTAT:EDAT_LFSE_04(1.0),27/09/22 23:00:00,A,T,ED3-8,Y25-64,PC,FRB0,2010,70.0,
ESTAT:EDAT_LFSE_04(1.0),27/09/22 23:00:00,A,T,ED3-8,Y25-64,PC,FRC1,2010,68.2,
ESTAT:EDAT_LFSE_04(1.0),27/09/22 23:00:00,A,T,ED3-8,Y25-64,PC,FRC2,2010,65.6,
ESTAT:EDAT_LFSE_04(1.0),27/09/22 23:00:00,A,T,ED3-8,Y25-64,PC,FRD1,2010,70.1,
ESTAT:EDAT_LFSE_04(1.0),27/09/22 23:00:00,A,T,ED3-8,Y25-64,PC,FRD2,2010,62.9,
ESTAT:EDAT_LFSE_04(1.0),27/09/22 23:00:00,A,T,ED3-8,Y25-64,PC,FRE1,2010,66.8,
ESTAT:EDAT_LFSE_04(1.0),27/09/22 23:00:00,A,T,ED3-8,Y25-64,PC,FRE2,2010,61.4,
ESTAT:EDAT_LFSE_04(1.0),27/09/22 23:00:00,A,T,ED3-8,Y25-64,PC,FRF1,2010,75.8,
ESTAT:EDAT_LFSE_04(1.0),27/09/22 23:00:00,A,T,ED3-8,Y25-64,PC,FRF2,2010,65.0,
ESTAT:EDAT_LFSE_04(1.0),27/09/22 23:00:00,A,T,ED3-8,Y25-64,PC,FRF3,2010,68.8,
ESTAT:EDAT_LFSE_04(1.0),27/09/22 23:00:00,A,T,ED3-8,Y25-64,PC,FRG0,2010,72.2,
ESTAT:EDAT_LFSE_04(1.0),27/09/22 23:00:00,A,T,ED3-8,Y25-64,PC,FRH0,2010,76.7,
ESTAT:EDAT_LFSE_04(1.0),27/09/22 23:00:00,A,T,ED3-8,Y25-64,PC,FRI1,2010,73.7,
ESTAT:EDAT_LFSE_04(1.0),27/09/22 23:00:00,A,T,ED3-8,Y25-64,PC,FRI2,2010,70.4,
ESTAT:EDAT_LFSE_04(1.0),27/09/22 23:00:00,A,T,ED3-8,Y25-64,PC,FRI3,2010,71.0,
ESTAT:EDAT_LFSE_04(1.0),27/09/22 23:00:00,A,T,ED3-8,Y25-64,PC,FRJ1,2010,66.4,
ESTAT:EDAT_LFSE_04(1.0),27/09/22 23:00:00,A,T,ED3-8,Y25-64,PC,FRJ2,2010,77.8,
ESTAT:EDAT_LFSE_04(1.0),27/09/22 23:00:00,A,T,ED3-8,Y25-64,PC,FRK1,2010,73.3,
ESTAT:EDAT_LFSE_04(1.0),27/09/22 23:00:00,A,T,ED3-8,Y25-64,PC,FRK2,2010,72.1,
ESTAT:EDAT_LFSE_04(1.0),27/09/22 23:00:00,A,T,ED3-8,Y25-64,PC,FRL0,2010,68.1,
ESTAT:EDAT_LFSE_04(1.0),27/09/22 23:00:00,A,T,ED3-8,Y25-64,PC,FRM0,2010,55.3,u
ESTAT:EDAT_LFSE_04(1.0),27/09/22 23:00:00,A,T,ED3-8,Y25-64,PC,HU10,2010,87.3,
ESTAT:EDAT_LFSE_04(1.0),27/09/22 23:00:00,A,T,ED3-8,Y25-64,PC,HU21,2010,78.0,
ESTAT:EDAT_LFSE_04(1.0),27/09/22 23:00:00,A,T,ED3-8,Y25-64,PC,HU22,2010,83.0,
ESTAT:EDAT_LFSE_04(1.0),27/09/22 23:00:00,A,T,ED3-8,Y25-64,PC,HU23,2010,77.7,
ESTAT:EDAT_LFSE_04(1.0),27/09/22 23:00:00,A,T,ED3-8,Y25-64,PC,HU31,2010,77.7,
ESTAT:EDAT_LFSE_04(1.0),27/09/22 23:00:00,A,T,ED3-8,Y25-64,PC,HU32,2010,75.4,
ESTAT:EDAT_LFSE_04(1.0),27/09/22 23:00:00,A,T,ED3-8,Y25-64,PC,HU33,2010,80.5,
ESTAT:EDAT_LFSE_04(1.0),27/09/22 23:00:00,A,T,ED3-8,Y25-64,PC,PT11,2010,26.1,
ESTAT:EDAT_LFSE_04(1.0),27/09/22 23:00:00,A,T,ED3-8,Y25-64,PC,PT15,2010,37.0,
ESTAT:EDAT_LFSE_04(1.0),27/09/22 23:00:00,A,T,ED3-8,Y25-64,PC,PT16,2010,27.6,
ESTAT:EDAT_LFSE_04(1.0),27/09/22 23:00:00,A,T,ED3-8,Y25-64,PC,PT17,2010,43.4,
ESTAT:EDAT_LFSE_04(1.0),27/09/22 23:00:00,A,T,ED3-8,Y25-64,PC,PT18,2010,29.5,
ESTAT:EDAT_LFSE_04(1.0),27/09/22 23:00:00,A,T,ED3-8,Y25-64,PC,PT20,2010,21.7,
ESTAT:EDAT_LFSE_04(1.0),27/09/22 23:00:00,A,T,ED3-8,Y25-64,PC,PT30,2010,26.4,
ESTAT:EDAT_LFSE_04(1.0),27/09/22 23:00:00,A,T,ED3-8,Y25-64,PC,SK01,2010,94.2,
ESTAT:EDAT_LFSE_04(1.0),27/09/22 23:00:00,A,T,ED3-8,Y25-64,PC,SK02,2010,91.6,
ESTAT:EDAT_LFSE_04(1.0),27/09/22 23:00:00,A,T,ED3-8,Y25-64,PC,SK03,2010,90.5,
ESTAT:EDAT_LFSE_04(1.0),27/09/22 23:00:00,A,T,ED3-8,Y25-64,PC,SK04,2010,89.1,
ESTAT:EDAT_LFSE_04(1.0),27/09/22 23:00:00,A,T,ED3-8,Y30-34,PC,DK01,2010,84.2,
ESTAT:EDAT_LFSE_04(1.0),27/09/22 23:00:00,A,T,ED3-8,Y30-34,PC,DK02,2010,79.9,
ESTAT:EDAT_LFSE_04(1.0),27/09/22 23:00:00,A,T,ED3-8,Y30-34,PC,DK03,2010,78.1,
ESTAT:EDAT_LFSE_04(1.0),27/09/22 23:00:00,A,T,ED3-8,Y30-34,PC,DK04,2010,82.6,
ESTAT:EDAT_LFSE_04(1.0),27/09/22 23:00:00,A,T,ED3-8,Y30-34,PC,DK05,2010,81.9,
ESTAT:EDAT_LFSE_04(1.0),27/09/22 23:00:00,A,T,ED3-8,Y30-34,PC,FR10,2010,82.9,
ESTAT:EDAT_LFSE_04(1.0),27/09/22 23:00:00,A,T,ED3-8,Y30-34,PC,FRB0,2010,87.0,
ESTAT:EDAT_LFSE_04(1.0),27/09/22 23:00:00,A,T,ED3-8,Y30-34,PC,FRC1,2010,77.2,
ESTAT:EDAT_LFSE_04(1.0),27/09/22 23:00:00,A,T,ED3-8,Y30-34,PC,FRC2,2010,81.5,
ESTAT:EDAT_LFSE_04(1.0),27/09/22 23:00:00,A,T,ED3-8,Y30-34,PC,FRD1,2010,87.7,
ESTAT:EDAT_LFSE_04(1.0),27/09/22 23:00:00,A,T,ED3-8,Y30-34,PC,FRD2,2010,79.1,
ESTAT:EDAT_LFSE_04(1.0),27/09/22 23:00:00,A,T,ED3-8,Y30-34,PC,FRE1,2010,82.0,
ESTAT:EDAT_LFSE_04(1.0),27/09/22 23:00:00,A,T,ED3-8,Y30-34,PC,FRE2,2010,81.2,
ESTAT:EDAT_LFSE_04(1.0),27/09/22 23:00:00,A,T,ED3-8,Y30-34,PC,FRF1,2010,88.2,
ESTAT:EDAT_LFSE_04(1.0),27/09/22 23:00:00,A,T,ED3-8,Y30-34,PC,FRF2,2010,85.1,
ESTAT:EDAT_LFSE_04(1.0),27/09/22 23:00:00,A,T,ED3-8,Y30-34,PC,FRF3,2010,82.4,
ESTAT:EDAT_LFSE_04(1.0),27/09/22 23:00:00,A,T,ED3-8,Y30-34,PC,FRG0,2010,88.0,
ESTAT:EDAT_LFSE_04(1.0),27/09/22 23:00:00,A,T,ED3-8,Y30-34,PC,FRH0,2010,90.6,
ESTAT:EDAT_LFSE_04(1.0),27/09/22 23:00:00,A,T,ED3-8,Y30-34,PC,FRI1,2010,84.8,
ESTAT:EDAT_LFSE_04(1.0),27/09/22 23:00:00,A,T,ED3-8,Y30-34,PC,FRI2,2010,84.8,
ESTAT:EDAT_LFSE_04(1.0),27/09/22 23:00:00,A,T,ED3-8,Y30-34,PC,FRI3,2010,87.7,
ESTAT:EDAT_LFSE_04(1.0),27/09/22 23:00:00,A,T,ED3-8,Y30-34,PC,FRJ1,2010,80.8,
ESTAT:EDAT_LFSE_04(1.0),27/09/22 23:00:00,A,T,ED3-8,Y30-34,PC,FRJ2,2010,91.5,
ESTAT:EDAT_LFSE_04(1.0),27/09/22 23:00:00,A,T,ED3-8,Y30-34,PC,FRK1,2010,87.6,
ESTAT:EDAT_LFSE_04(1.0),27/09/22 23:00:00,A,T,ED3-8,Y30-34,PC,FRK2,2010,82.6,
ESTAT:EDAT_LFSE_04(1.0),27/09/22 23:00:00,A,T,ED3-8,Y30-34,PC,FRL0,2010,80.8,
ESTAT:EDAT_LFSE_04(1.0),27/09/22 23:00:00,A,T,ED3-8,Y30-34,PC,FRM0,2010,79.5,u
ESTAT:EDAT_LFSE_04(1.0),27/09/22 23:00:00,A,T,ED3-8,Y30-34,PC,HU10,2010,91.4,
ESTAT:EDAT_LFSE_04(1.0),27/09/22 23:00:00,A,T,ED3-8,Y30-34,PC,HU21,2010,82.3,
ESTAT:EDAT_LFSE_04(1.0),27/09/22 23:00:00,A,T,ED3-8,Y30-34,PC,HU22,2010,88.6,
ESTAT:EDAT_LFSE_04(1.0),27/09/22 23:00:00,A,T,ED3-8,Y30-34,PC,HU23,2010,82.3,
ESTAT:EDAT_LFSE_04(1.0),27/09/22 23:00:00,A,T,ED3-8,Y30-34,PC,HU31,2010,81.6,
ESTAT:EDAT_LFSE_04(1.0),27/09/22 23:00:00,A,T,ED3-8,Y30-34,PC,HU32,2010,82.5,
ESTAT:EDAT_LFSE_04(1.0),27/09/22 23:00:00,A,T,ED3-8,Y30-34,PC,HU33,2010,86.2,
ESTAT:EDAT_LFSE_04(1.0),27/09/22 23:00:00,A,T,ED3-8,Y30-34,PC,PT11,2010,39.6,
ESTAT:EDAT_LFSE_04(1.0),27/09/22 23:00:00,A,T,ED3-8,Y30-34,PC,PT15,2010,58.3,
ESTAT:EDAT_LFSE_04(1.0),27/09/22 23:00:00,A,T,ED3-8,Y30-34,PC,PT16,2010,46.9,
ESTAT:EDAT_LFSE_04(1.0),27/09/22 23:00:00,A,T,ED3-8,Y30-34,PC,PT17,2010,60.8,
ESTAT:EDAT_LFSE_04(1.0),27/09/22 23:00:00,A,T,ED3-8,Y30-34,PC,PT18,2010,42.5,
ESTAT:EDAT_LFSE_04(1.0),27/09/22 23:00:00,A,T,ED3-8,Y30-34,PC,PT20,2010,29.4,
ESTAT:EDAT_LFSE_04(1.0),27/09/22 23:00:00,A,T,ED3-8,Y30-34,PC,PT30,2010,45.2,
ESTAT:EDAT_LFSE_04(1.0),27/09/22 23:00:00,A,T,ED3-8,Y30-34,PC,SK01,2010,96.9,
ESTAT:EDAT_LFSE_04(1.0),27/09/22 23:00:00,A,T,ED3-8,Y30-34,PC,SK02,2010,95.6,
ESTAT:EDAT_LFSE_04(1.0),27/09/22 23:00:00,A,T,ED3-8,Y30-34,PC,SK03,2010,96.0,
ESTAT:EDAT_LFSE_04(1.0),27/09/22 23:00:00,A,T,ED3-8,Y30-34,PC,SK04,2010,91.4,
ESTAT:EDAT_LFSE_04(1.0),27/09/22 23:00:00,A,T,ED3_4,Y20-24,PC,DK01,2010,67.4,
ESTAT:EDAT_LFSE_04(1.0),27/09/22 23:00:00,A,T,ED3_4,Y20-24,PC,DK02,2010,56.8,
ESTAT:EDAT_LFSE_04(1.0),27/09/22 23:00:00,A,T,ED3_4,Y20-24,PC,DK03,2010,60.2,
ESTAT:EDAT_LFSE_04(1.0),27/09/22 23:00:00,A,T,ED3_4,Y20-24,PC,DK04,2010,62.4,
ESTAT:EDAT_LFSE_04(1.0),27/09/22 23:00:00,A,T,ED3_4,Y20-24,PC,DK05,2010,63.6,
ESTAT:EDAT_LFSE_04(1.0),27/09/22 23:00:00,A,T,ED3_4,Y20-24,PC,FR10,2010,54.0,
ESTAT:EDAT_LFSE_04(1.0),27/09/22 23:00:00,A,T,ED3_4,Y20-24,PC,FRB0,2010,59.3,
ESTAT:EDAT_LFSE_04(1.0),27/09/22 23:00:00,A,T,ED3_4,Y20-24,PC,FRC1,2010,51.0,
ESTAT:EDAT_LFSE_04(1.0),27/09/22 23:00:00,A,T,ED3_4,Y20-24,PC,FRC2,2010,56.3,
ESTAT:EDAT_LFSE_04(1.0),27/09/22 23:00:00,A,T,ED3_4,Y20-24,PC,FRD1,2010,66.2,
ESTAT:EDAT_LFSE_04(1.0),27/09/22 23:00:00,A,T,ED3_4,Y20-24,PC,FRD2,2010,55.9,
ESTAT:EDAT_LFSE_04(1.0),27/09/22 23:00:00,A,T,ED3_4,Y20-24,PC,FRE1,2010,56.5,
ESTAT:EDAT_LFSE_04(1.0),27/09/22 23:00:00,A,T,ED3_4,Y20-24,PC,FRE2,2010,54.4,
ESTAT:EDAT_LFSE_04(1.0),27/09/22 23:00:00,A,T,ED3_4,Y20-24,PC,FRF1,2010,55.0,
ESTAT:EDAT_LFSE_04(1.0),27/09/22 23:00:00,A,T,ED3_4,Y20-24,PC,FRF2,2010,62.3,
ESTAT:EDAT_LFSE_04(1.0),27/09/22 23:00:00,A,T,ED3_4,Y20-24,PC,FRF3,2010,56.7,
ESTAT:EDAT_LFSE_04(1.0),27/09/22 23:00:00,A,T,ED3_4,Y20-24,PC,FRG0,2010,59.6,
ESTAT:EDAT_LFSE_04(1.0),27/09/22 23:00:00,A,T,ED3_4,Y20-24,PC,FRH0,2010,59.1,
ESTAT:EDAT_LFSE_04(1.0),27/09/22 23:00:00,A,T,ED3_4,Y20-24,PC,FRI1,2010,55.1,
ESTAT:EDAT_LFSE_04(1.0),27/09/22 23:00:00,A,T,ED3_4,Y20-24,PC,FRI2,2010,67.9,
ESTAT:EDAT_LFSE_04(1.0),27/09/22 23:00:00,A,T,ED3_4,Y20-24,PC,FRI3,2010,60.7,
ESTAT:EDAT_LFSE_04(1.0),27/09/22 23:00:00,A,T,ED3_4,Y20-24,PC,FRJ1,2010,51.5,
ESTAT:EDAT_LFSE_04(1.0),27/09/22 23:00:00,A,T,ED3_4,Y20-24,PC,FRJ2,2010,62.0,
ESTAT:EDAT_LFSE_04(1.0),27/09/22 23:00:00,A,T,ED3_4,Y20-24,PC,FRK1,2010,60.0,
ESTAT:EDAT_LFSE_04(1.0),27/09/22 23:00:00,A,T,ED3_4,Y20-24,PC,FRK2,2010,57.7,
ESTAT:EDAT_LFSE_04(1.0),27/09/22 23:00:00,A,T,ED3_4,Y20-24,PC,FRL0,2010,59.2,
ESTAT:EDAT_LFSE_04(1.0),27/09/22 23:00:00,A,T,ED3_4,Y20-24,PC,FRM0,2010,61.9,u
ESTAT:EDAT_LFSE_04(1.0),27/09/22 23:00:00,A,T,ED3_4,Y20-24,PC,HU10,2010,79.6,
ESTAT:EDAT_LFSE_04(1.0),27/09/22 23:00:00,A,T,ED3_4,Y20-24,PC,HU21,2010,74.8,
ESTAT:EDAT_LFSE_04(1.0),27/09/22 23:00:00,A,T,ED3_4,Y20-24,PC,HU22,2010,79.1,
ESTAT:EDAT_LFSE_04(1.0),27/09/22 23:00:00,A,T,ED3_4,Y20-24,PC,HU23,2010,74.5,
ESTAT:EDAT_LFSE_04(1.0),27/09/22 23:00:00,A,T,ED3_4,Y20-24,PC,HU31,2010,70.5,
ESTAT:EDAT_LFSE_04(1.0),27/09/22 23:00:00,A,T,ED3_4,Y20-24,PC,HU32,2010,73.8,
ESTAT:EDAT_LFSE_04(1.0),27/09/22 23:00:00,A,T,ED3_4,Y20-24,PC,HU33,2010,80.8,
ESTAT:EDAT_LFSE_04(1.0),27/09/22 23:00:00,A,T,ED3_4,Y20-24,PC,PT11,2010,49.1,
ESTAT:EDAT_LFSE_04(1.0),27/09/22 23:00:00,A,T,ED3_4,Y20-24,PC,PT15,2010,47.2,
ESTAT:EDAT_LFSE_04(1.0),27/09/22 23:00:00,A,T,ED3_4,Y20-24,PC,PT16,2010,46.1,
ESTAT:EDAT_LFSE_04(1.0),27/09/22 23:00:00,A,T,ED3_4,Y20-24,PC,PT17,2010,49.6,
ESTAT:EDAT_LFSE_04(1.0),27/09/22 23:00:00,A,T,ED3_4,Y20-24,PC,PT18,2010,48.7,
ESTAT:EDAT_LFSE_04(1.0),27/09/22 23:00:00,A,T,ED3_4,Y20-24,PC,PT20,2010,36.9,
ESTAT:EDAT_LFSE_04(1.0),27/09/22 23:00:00,A,T,ED3_4,Y20-24,PC,PT30,2010,39.8,
ESTAT:EDAT_LFSE_04(1.0),27/09/22 23:00:00,A,T,ED3_4,Y20-24,PC,SK01,2010,77.5,
ESTAT:EDAT_LFSE_04(1.0),27/09/22 23:00:00,A,T,ED3_4,Y20-24,PC,SK02,2010,85.8,
ESTAT:EDAT_LFSE_04(1.0),27/09/22 23:00:00,A,T,ED3_4,Y20-24,PC,SK03,2010,82.9,
ESTAT:EDAT_LFSE_04(1.0),27/09/22 23:00:00,A,T,ED3_4,Y20-24,PC,SK04,2010,77.7,
ESTAT:EDAT_LFSE_04(1.0),27/09/22 23:00:00,A,T,ED3_4,Y25-34,PC,DK01,2010,34.3,
ESTAT:EDAT_LFSE_04(1.0),27/09/22 23:00:00,A,T,ED3_4,Y25-34,PC,DK02,2010,45.1,
ESTAT:EDAT_LFSE_04(1.0),27/09/22 23:00:00,A,T,ED3_4,Y25-34,PC,DK03,2010,46.8,
ESTAT:EDAT_LFSE_04(1.0),27/09/22 23:00:00,A,T,ED3_4,Y25-34,PC,DK04,2010,43.2,
ESTAT:EDAT_LFSE_04(1.0),27/09/22 23:00:00,A,T,ED3_4,Y25-34,PC,DK05,2010,46.4,
ESTAT:EDAT_LFSE_04(1.0),27/09/22 23:00:00,A,T,ED3_4,Y25-34,PC,FR10,2010,31.9,
ESTAT:EDAT_LFSE_04(1.0),27/09/22 23:00:00,A,T,ED3_4,Y25-34,PC,FRB0,2010,43.2,
ESTAT:EDAT_LFSE_04(1.0),27/09/22 23:00:00,A,T,ED3_4,Y25-34,PC,FRC1,2010,43.9,
ESTAT:EDAT_LFSE_04(1.0),27/09/22 23:00:00,A,T,ED3_4,Y25-34,PC,FRC2,2010,45.6,
ESTAT:EDAT_LFSE_04(1.0),27/09/22 23:00:00,A,T,ED3_4,Y25-34,PC,FRD1,2010,47.5,
ESTAT:EDAT_LFSE_04(1.0),27/09/22 23:00:00,A,T,ED3_4,Y25-34,PC,FRD2,2010,43.4,
ESTAT:EDAT_LFSE_04(1.0),27/09/22 23:00:00,A,T,ED3_4,Y25-34,PC,FRE1,2010,41.7,
ESTAT:EDAT_LFSE_04(1.0),27/09/22 23:00:00,A,T,ED3_4,Y25-34,PC,FRE2,2010,45.6,
ESTAT:EDAT_LFSE_04(1.0),27/09/22 23:00:00,A,T,ED3_4,Y25-34,PC,FRF1,2010,38.7,
ESTAT:EDAT_LFSE_04(1.0),27/09/22 23:00:00,A,T,ED3_4,Y25-34,PC,FRF2,2010,47.9,
ESTAT:EDAT_LFSE_04(1.0),27/09/22 23:00:00,A,T,ED3_4,Y25-34,PC,FRF3,2010,46.5,
ESTAT:EDAT_LFSE_04(1.0),27/09/22 23:00:00,A,T,ED3_4,Y25-34,PC,FRG0,2010,48.6,
ESTAT:EDAT_LFSE_04(1.0),27/09/22 23:00:00,A,T,ED3_4,Y25-34,PC,FRH0,2010,45.4,
ESTAT:EDAT_LFSE_04(1.0),27/09/22 23:00:00,A,T,ED3_4,Y25-34,PC,FRI1,2010,40.9,
ESTAT:EDAT_LFSE_04(1.0),27/09/22 23:00:00,A,T,ED3_4,Y25-34,PC,FRI2,2010,47.5,
ESTAT:EDAT_LFSE_04(1.0),27/09/22 23:00:00,A,T,ED3_4,Y25-34,PC,FRI3,2010,49.8,
ESTAT:EDAT_LFSE_04(1.0),27/09/22 23:00:00,A,T,ED3_4,Y25-34,PC,FRJ1,2010,44.6,
ESTAT:EDAT_LFSE_04(1.0),27/09/22 23:00:00,A,T,ED3_4,Y25-34,PC,FRJ2,2010,40.8,
ESTAT:EDAT_LFSE_04(1.0),27/09/22 23:00:00,A,T,ED3_4,Y25-34,PC,FRK1,2010,44.6,
ESTAT:EDAT_LFSE_04(1.0),27/09/22 23:00:00,A,T,ED3_4,Y25-34,PC,FRK2,2010,40.2,
ESTAT:EDAT_LFSE_04(1.0),27/09/22 23:00:00,A,T,ED3_4,Y25-34,PC,FRL0,2010,43.6,
ESTAT:EDAT_LFSE_04(1.0),27/09/22 23:00:00,A,T,ED3_4,Y25-34,PC,FRM0,2010,48.1,u
ESTAT:EDAT_LFSE_04(1.0),27/09/22 23:00:00,A,T,ED3_4,Y25-34,PC,HU10,2010,55.4,
ESTAT:EDAT_LFSE_04(1.0),27/09/22 23:00:00,A,T,ED3_4,Y25-34,PC,HU21,2010,62.8,
ESTAT:EDAT_LFSE_04(1.0),27/09/22 23:00:00,A,T,ED3_4,Y25-34,PC,HU22,2010,69.4,
ESTAT:EDAT_LFSE_04(1.0),27/09/22 23:00:00,A,T,ED3_4,Y25-34,PC,HU23,2010,61.1,
ESTAT:EDAT_LFSE_04(1.0),27/09/22 23:00:00,A,T,ED3_4,Y25-34,PC,HU31,2010,59.8,
ESTAT:EDAT_LFSE_04(1.0),27/09/22 23:00:00,A,T,ED3_4,Y25-34,PC,HU32,2010,59.8,
ESTAT:EDAT_LFSE_04(1.0),27/09/22 23:00:00,A,T,ED3_4,Y25-34,PC,HU33,2010,63.5,
ESTAT:EDAT_LFSE_04(1.0),27/09/22 23:00:00,A,T,ED3_4,Y25-34,PC,PT11,2010,23.9,
ESTAT:EDAT_LFSE_04(1.0),27/09/22 23:00:00,A,T,ED3_4,Y25-34,PC,PT15,2010,34.0,
ESTAT:EDAT_LFSE_04(1.0),27/09/22 23:00:00,A,T,ED3_4,Y25-34,PC,PT16,2010,30.8,
ESTAT:EDAT_LFSE_04(1.0),27/09/22 23:00:00,A,T,ED3_4,Y25-34,PC,PT17,2010,28.2,
ESTAT:EDAT_LFSE_04(1.0),27/09/22 23:00:00,A,T,ED3_4,Y25-34,PC,PT18,2010,27.4,
ESTAT:EDAT_LFSE_04(1.0),27/09/22 23:00:00,A,T,ED3_4,Y25-34,PC,PT20,2010,18.7,
ESTAT:EDAT_LFSE_04(1.0),27/09/22 23:00:00,A,T,ED3_4,Y25-34,PC,PT30,2010,24.0,
ESTAT:EDAT_LFSE_04(1.0),27/09/22 23:00:00,A,T,ED3_4,Y25-34,PC,SK01,2010,55.4,
ESTAT:EDAT_LFSE_04(1.0),27/09/22 23:00:00,A,T,ED3_4,Y25-34,PC,SK02,2010,77.3,
ESTAT:EDAT_LFSE_04(1.0),27/09/22 23:00:00,A,T,ED3_4,Y25-34,PC,SK03,2010,69.7,
ESTAT:EDAT_LFSE_04(1.0),27/09/22 23:00:00,A,T,ED3_4,Y25-34,PC,SK04,2010,68.2,
ESTAT:EDAT_LFSE_04(1.0),27/09/22 23:00:00,A,T,ED3_4,Y25-64,PC,DK01,2010,38.1,
ESTAT:EDAT_LFSE_04(1.0),27/09/22 23:00:00,A,T,ED3_4,Y25-64,PC,DK02,2010,45.0,
ESTAT:EDAT_LFSE_04(1.0),27/09/22 23:00:00,A,T,ED3_4,Y25-64,PC,DK03,2010,44.6,
ESTAT:EDAT_LFSE_04(1.0),27/09/22 23:00:00,A,T,ED3_4,Y25-64,PC,DK04,2010,42.9,
ESTAT:EDAT_LFSE_04(1.0),27/09/22 23:00:00,A,T,ED3_4,Y25-64,PC,DK05,2010,44.2,
ESTAT:EDAT_LFSE_04(1.0),27/09/22 23:00:00,A,T,ED3_4,Y25-64,PC,FR10,2010,33.0,
ESTAT:EDAT_LFSE_04(1.0),27/09/22 23:00:00,A,T,ED3_4,Y25-64,PC,FRB0,2010,45.1,
ESTAT:EDAT_LFSE_04(1.0),27/09/22 23:00:00,A,T,ED3_4,Y25-64,PC,FRC1,2010,45.7,
ESTAT:EDAT_LFSE_04(1.0),27/09/22 23:00:00,A,T,ED3_4,Y25-64,PC,FRC2,2010,43.3,
ESTAT:EDAT_LFSE_04(1.0),27/09/22 23:00:00,A,T,ED3_4,Y25-64,PC,FRD1,2010,45.4,
ESTAT:EDAT_LFSE_04(1.0),27/09/22 23:00:00,A,T,ED3_4,Y25-64,PC,FRD2,2010,41.1,
ESTAT:EDAT_LFSE_04(1.0),27/09/22 23:00:00,A,T,ED3_4,Y25-64,PC,FRE1,2010,40.8,
ESTAT:EDAT_LFSE_04(1.0),27/09/22 23:00:00,A,T,ED3_4,Y25-64,PC,FRE2,2010,41.7,
ESTAT:EDAT_LFSE_04(1.0),27/09/22 23:00:00,A,T,ED3_4,Y25-64,PC,FRF1,2010,44.9,
ESTAT:EDAT_LFSE_04(1.0),27/09/22 23:00:00,A,T,ED3_4,Y25-64,PC,FRF2,2010,44.2,
ESTAT:EDAT_LFSE_04(1.0),27/09/22 23:00:00,A,T,ED3_4,Y25-64,PC,FRF3,2010,44.9,
ESTAT:EDAT_LFSE_04(1.0),27/09/22 23:00:00,A,T,ED3_4,Y25-64,PC,FRG0,2010,45.8,
ESTAT:EDAT_LFSE_04(1.0),27/09/22 23:00:00,A,T,ED3_4,Y25-64,PC,FRH0,2010,48.7,
ESTAT:EDAT_LFSE_04(1.0),27/09/22 23:00:00,A,T,ED3_4,Y25-64,PC,FRI1,2010,44.7,
ESTAT:EDAT_LFSE_04(1.0),27/09/22 23:00:00,A,T,ED3_4,Y25-64,PC,FRI2,2010,46.8,
ESTAT:EDAT_LFSE_04(1.0),27/09/22 23:00:00,A,T,ED3_4,Y25-64,PC,FRI3,2010,47.9,
ESTAT:EDAT_LFSE_04(1.0),27/09/22 23:00:00,A,T,ED3_4,Y25-64,PC,FRJ1,2010,41.2,
ESTAT:EDAT_LFSE_04(1.0),27/09/22 23:00:00,A,T,ED3_4,Y25-64,PC,FRJ2,2010,42.9,
ESTAT:EDAT_LFSE_04(1.0),27/09/22 23:00:00,A,T,ED3_4,Y25-64,PC,FRK1,2010,48.6,
ESTAT:EDAT_LFSE_04(1.0),27/09/22 23:00:00,A,T,ED3_4,Y25-64,PC,FRK2,2010,43.5,
ESTAT:EDAT_LFSE_04(1.0),27/09/22 23:00:00,A,T,ED3_4,Y25-64,PC,FRL0,2010,40.6,
ESTAT:EDAT_LFSE_04(1.0),27/09/22 23:00:00,A,T,ED3_4,Y25-64,PC,FRM0,2010,37.7,u
ESTAT:EDAT_LFSE_04(1.0),27/09/22 23:00:00,A,T,ED3_4,Y25-64,PC,HU10,2010,57.5,
ESTAT:EDAT_LFSE_04(1.0),27/09/22 23:00:00,A,T,ED3_4,Y25-64,PC,HU21,2010,63.7,
ESTAT:EDAT_LFSE_04(1.0),27/09/22 23:00:00,A,T,ED3_4,Y25-64,PC,HU22,2010,67.5,
ESTAT:EDAT_LFSE_04(1.0),27/09/22 23:00:00,A,T,ED3_4,Y25-64,PC,HU23,2010,61.6,
ESTAT:EDAT_LFSE_04(1.0),27/09/22 23:00:00,A,T,ED3_4,Y25-64,PC,HU31,2010,62.2,
ESTAT:EDAT_LFSE_04(1.0),27/09/22 23:00:00,A,T,ED3_4,Y25-64,PC,HU32,2010,59.5,
ESTAT:EDAT_LFSE_04(1.0),27/09/22 23:00:00,A,T,ED3_4,Y25-64,PC,HU33,2010,63.0,
ESTAT:EDAT_LFSE_04(1.0),27/09/22 23:00:00,A,T,ED3_4,Y25-64,PC,PT11,2010,13.3,
ESTAT:EDAT_LFSE_04(1.0),27/09/22 23:00:00,A,T,ED3_4,Y25-64,PC,PT15,2010,21.8,
ESTAT:EDAT_LFSE_04(1.0),27/09/22 23:00:00,A,T,ED3_4,Y25-64,PC,PT16,2010,15.3,
ESTAT:EDAT_LFSE_04(1.0),27/09/22 23:00:00,A,T,ED3_4,Y25-64,PC,PT17,2010,20.5,
ESTAT:EDAT_LFSE_04(1.0),27/09/22 23:00:00,A,T,ED3_4,Y25-64,PC,PT18,2010,15.9,
ESTAT:EDAT_LFSE_04(1.0),27/09/22 23:00:00,A,T,ED3_4,Y25-64,PC,PT20,2010,11.8,
ESTAT:EDAT_LFSE_04(1.0),27/09/22 23:00:00,A,T,ED3_4,Y25-64,PC,PT30,2010,13.8,
ESTAT:EDAT_LFSE_04(1.0),27/09/22 23:00:00,A,T,ED3_4,Y25-64,PC,SK01,2010,60.6,
ESTAT:EDAT_LFSE_04(1.0),27/09/22 23:00:00,A,T,ED3_4,Y25-64,PC,SK02,2010,77.7,
ESTAT:EDAT_LFSE_04(1.0),27/09/22 23:00:00,A,T,ED3_4,Y25-64,PC,SK03,2010,73.4,
ESTAT:EDAT_LFSE_04(1.0),27/09/22 23:00:00,A,T,ED3_4,Y25-64,PC,SK04,2010,74.6,
ESTAT:EDAT_LFSE_04(1.0),27/09/22 23:00:00,A,T,ED3_4,Y30-34,PC,DK01,2010,30.7,
ESTAT:EDAT_LFSE_04(1.0),27/09/22 23:00:00,A,T,ED3_4,Y30-34,PC,DK02,2010,45.2,
ESTAT:EDAT_LFSE_04(1.0),27/09/22 23:00:00,A,T,ED3_4,Y30-34,PC,DK03,2010,46.5,
ESTAT:EDAT_LFSE_04(1.0),27/09/22 23:00:00,A,T,ED3_4,Y30-34,PC,DK04,2010,43.8,
ESTAT:EDAT_LFSE_04(1.0),27/09/22 23:00:00,A,T,ED3_4,Y30-34,PC,DK05,2010,46.5,
ESTAT:EDAT_LFSE_04(1.0),27/09/22 23:00:00,A,T,ED3_4,Y30-34,PC,FR10,2010,30.8,
ESTAT:EDAT_LFSE_04(1.0),27/09/22 23:00:00,A,T,ED3_4,Y30-34,PC,FRB0,2010,45.3,
ESTAT:EDAT_LFSE_04(1.0),27/09/22 23:00:00,A,T,ED3_4,Y30-34,PC,FRC1,2010,44.3,
ESTAT:EDAT_LFSE_04(1.0),27/09/22 23:00:00,A,T,ED3_4,Y30-34,PC,FRC2,2010,46.3,
ESTAT:EDAT_LFSE_04(1.0),27/09/22 23:00:00,A,T,ED3_4,Y30-34,PC,FRD1,2010,48.9,
ESTAT:EDAT_LFSE_04(1.0),27/09/22 23:00:00,A,T,ED3_4,Y30-34,PC,FRD2,2010,39.7,
ESTAT:EDAT_LFSE_04(1.0),27/09/22 23:00:00,A,T,ED3_4,Y30-34,PC,FRE1,2010,39.8,
ESTAT:EDAT_LFSE_04(1.0),27/09/22 23:00:00,A,T,ED3_4,Y30-34,PC,FRE2,2010,46.2,
ESTAT:EDAT_LFSE_04(1.0),27/09/22 23:00:00,A,T,ED3_4,Y30-34,PC,FRF1,2010,43.3,
ESTAT:EDAT_LFSE_04(1.0),27/09/22 23:00:00,A,T,ED3_4,Y30-34,PC,FRF2,2010,50.7,
ESTAT:EDAT_LFSE_04(1.0),27/09/22 23:00:00,A,T,ED3_4,Y30-34,PC,FRF3,2010,42.8,
ESTAT:EDAT_LFSE_04(1.0),27/09/22 23:00:00,A,T,ED3_4,Y30-34,PC,FRG0,2010,48.9,
ESTAT:EDAT_LFSE_04(1.0),27/09/22 23:00:00,A,T,ED3_4,Y30-34,PC,FRH0,2010,46.1,
ESTAT:EDAT_LFSE_04(1.0),27/09/22 23:00:00,A,T,ED3_4,Y30-34,PC,FRI1,2010,40.2,
ESTAT:EDAT_LFSE_04(1.0),27/09/22 23:00:00,A,T,ED3_4,Y30-34,PC,FRI2,2010,46.4,
ESTAT:EDAT_LFSE_04(1.0),27/09/22 23:00:00,A,T,ED3_4,Y30-34,PC,FRI3,2010,48.4,
ESTAT:EDAT_LFSE_04(1.0),27/09/22 23:00:00,A,T,ED3_4,Y30-34,PC,FRJ1,2010,48.2,
ESTAT:EDAT_LFSE_04(1.0),27/09/22 23:00:00,A,T,ED3_4,Y30-34,PC,FRJ2,2010,43.9,
ESTAT:EDAT_LFSE_04(1.0),27/09/22 23:00:00,A,T,ED3_4,Y30-34,PC,FRK1,2010,46.7,
ESTAT:EDAT_LFSE_04(1.0),27/09/22 23:00:00,A,T,ED3_4,Y30-34,PC,FRK2,2010,38.3,
ESTAT:EDAT_LFSE_04(1.0),27/09/22 23:00:00,A,T,ED3_4,Y30-34,PC,FRL0,2010,44.4,
ESTAT:EDAT_LFSE_04(1.0),27/09/22 23:00:00,A,T,ED3_4,Y30-34,PC,FRM0,2010,,u
ESTAT:EDAT_LFSE_04(1.0),27/09/22 23:00:00,A,T,ED3_4,Y30-34,PC,HU10,2010,53.5,
ESTAT:EDAT_LFSE_04(1.0),27/09/22 23:00:00,A,T,ED3_4,Y30-34,PC,HU21,2010,63.4,
ESTAT:EDAT_LFSE_04(1.0),27/09/22 23:00:00,A,T,ED3_4,Y30-34,PC,HU22,2010,70.2,
ESTAT:EDAT_LFSE_04(1.0),27/09/22 23:00:00,A,T,ED3_4,Y30-34,PC,HU23,2010,63.0,
ESTAT:EDAT_LFSE_04(1.0),27/09/22 23:00:00,A,T,ED3_4,Y30-34,PC,HU31,2010,60.5,
ESTAT:EDAT_LFSE_04(1.0),27/09/22 23:00:00,A,T,ED3_4,Y30-34,PC,HU32,2010,62.1,
ESTAT:EDAT_LFSE_04(1.0),27/09/22 23:00:00,A,T,ED3_4,Y30-34,PC,HU33,2010,63.8,
ESTAT:EDAT_LFSE_04(1.0),27/09/22 23:00:00,A,T,ED3_4,Y30-34,PC,PT11,2010,19.8,
ESTAT:EDAT_LFSE_04(1.0),27/09/22 23:00:00,A,T,ED3_4,Y30-34,PC,PT15,2010,31.5,
ESTAT:EDAT_LFSE_04(1.0),27/09/22 23:00:00,A,T,ED3_4,Y30-34,PC,PT16,2010,27.2,
ESTAT:EDAT_LFSE_04(1.0),27/09/22 23:00:00,A,T,ED3_4,Y30-34,PC,PT17,2010,26.0,
ESTAT:EDAT_LFSE_04(1.0),27/09/22 23:00:00,A,T,ED3_4,Y30-34,PC,PT18,2010,25.8,
ESTAT:EDAT_LFSE_04(1.0),27/09/22 23:00:00,A,T,ED3_4,Y30-34,PC,PT20,2010,,u
ESTAT:EDAT_LFSE_04(1.0),27/09/22 23:00:00,A,T,ED3_4,Y30-34,PC,PT30,2010,20.8,
ESTAT:EDAT_LFSE_04(1.0),27/09/22 23:00:00,A,T,ED3_4,Y30-34,PC,SK01,2010,55.1,
ESTAT:EDAT_LFSE_04(1.0),27/09/22 23:00:00,A,T,ED3_4,Y30-34,PC,SK02,2010,78.7,
ESTAT:EDAT_LFSE_04(1.0),27/09/22 23:00:00,A,T,ED3_4,Y30-34,PC,SK03,2010,72.5,
ESTAT:EDAT_LFSE_04(1.0),27/09/22 23:00:00,A,T,ED3_4,Y30-34,PC,SK04,2010,73.5,
ESTAT:EDAT_LFSE_04(1.0),27/09/22 23:00:00,A,T,ED5-8,Y20-24,PC,DK01,2010,7.5,
ESTAT:EDAT_LFSE_04(1.0),27/09/22 23:00:00,A,T,ED5-8,Y20-24,PC,DK02,2010,,u
ESTAT:EDAT_LFSE_04(1.0),27/09/22 23:00:00,A,T,ED5-8,Y20-24,PC,DK03,2010,5.3,u
ESTAT:EDAT_LFSE_04(1.0),27/09/22 23:00:00,A,T,ED5-8,Y20-24,PC,DK04,2010,6.1,
ESTAT:EDAT_LFSE_04(1.0),27/09/22 23:00:00,A,T,ED5-8,Y20-24,PC,DK05,2010,,u
ESTAT:EDAT_LFSE_04(1.0),27/09/22 23:00:00,A,T,ED5-8,Y20-24,PC,FR10,2010,29.2,
ESTAT:EDAT_LFSE_04(1.0),27/09/22 23:00:00,A,T,ED5-8,Y20-24,PC,FRB0,2010,26.5,
ESTAT:EDAT_LFSE_04(1.0),27/09/22 23:00:00,A,T,ED5-8,Y20-24,PC,FRC1,2010,28.8,
ESTAT:EDAT_LFSE_04(1.0),27/09/22 23:00:00,A,T,ED5-8,Y20-24,PC,FRC2,2010,24.7,
ESTAT:EDAT_LFSE_04(1.0),27/09/22 23:00:00,A,T,ED5-8,Y20-24,PC,FRD1,2010,20.3,
ESTAT:EDAT_LFSE_04(1.0),27/09/22 23:00:00,A,T,ED5-8,Y20-24,PC,FRD2,2010,22.9,
ESTAT:EDAT_LFSE_04(1.0),27/09/22 23:00:00,A,T,ED5-8,Y20-24,PC,FRE1,2010,25.7,
ESTAT:EDAT_LFSE_04(1.0),27/09/22 23:00:00,A,T,ED5-8,Y20-24,PC,FRE2,2010,19.6,
ESTAT:EDAT_LFSE_04(1.0),27/09/22 23:00:00,A,T,ED5-8,Y20-24,PC,FRF1,2010,32.3,
ESTAT:EDAT_LFSE_04(1.0),27/09/22 23:00:00,A,T,ED5-8,Y20-24,PC,FRF2,2010,20.3,
ESTAT:EDAT_LFSE_04(1.0),27/09/22 23:00:00,A,T,ED5-8,Y20-24,PC,FRF3,2010,23.5,
ESTAT:EDAT_LFSE_04(1.0),27/09/22 23:00:00,A,T,ED5-8,Y20-24,PC,FRG0,2010,26.3,
ESTAT:EDAT_LFSE_04(1.0),27/09/22 23:00:00,A,T,ED5-8,Y20-24,PC,FRH0,2010,29.2,
ESTAT:EDAT_LFSE_04(1.0),27/09/22 23:00:00,A,T,ED5-8,Y20-24,PC,FRI1,2010,32.4,
ESTAT:EDAT_LFSE_04(1.0),27/09/22 23:00:00,A,T,ED5-8,Y20-24,PC,FRI2,2010,20.7,u
ESTAT:EDAT_LFSE_04(1.0),27/09/22 23:00:00,A,T,ED5-8,Y20-24,PC,FRI3,2010,25.9,
ESTAT:EDAT_LFSE_04(1.0),27/09/22 23:00:00,A,T,ED5-8,Y20-24,PC,FRJ1,2010,21.4,
ESTAT:EDAT_LFSE_04(1.0),27/09/22 23:00:00,A,T,ED5-8,Y20-24,PC,FRJ2,2010,26.6,
ESTAT:EDAT_LFSE_04(1.0),27/09/22 23:00:00,A,T,ED5-8,Y20-24,PC,FRK1,2010,28.7,
ESTAT:EDAT_LFSE_04(1.0),27/09/22 23:00:00,A,T,ED5-8,Y20-24,PC,FRK2,2010,24.1,
ESTAT:EDAT_LFSE_04(1.0),27/09/22 23:00:00,A,T,ED5-8,Y20-24,PC,FRL0,2010,20.7,
ESTAT:EDAT_LFSE_04(1.0),27/09/22 23:00:00,A,T,ED5-8,Y20-24,PC,FRM0,2010,,u
ESTAT:EDAT_LFSE_04(1.0),27/09/22 23:00:00,A,T,ED5-8,Y20-24,PC,HU10,2010,6.6,
ESTAT:EDAT_LFSE_04(1.0),27/09/22 23:00:00,A,T,ED5-8,Y20-24,PC,HU21,2010,5.7,u
ESTAT:EDAT_LFSE_04(1.0),27/09/22 23:00:00,A,T,ED5-8,Y20-24,PC,HU22,2010,7.1,u
ESTAT:EDAT_LFSE_04(1.0),27/09/22 23:00:00,A,T,ED5-8,Y20-24,PC,HU23,2010,6.5,u
ESTAT:EDAT_LFSE_04(1.0),27/09/22 23:00:00,A,T,ED5-8,Y20-24,PC,HU31,2010,7.8,
ESTAT:EDAT_LFSE_04(1.0),27/09/22 23:00:00,A,T,ED5-8,Y20-24,PC,HU32,2010,8.3,
ESTAT:EDAT_LFSE_04(1.0),27/09/22 23:00:00,A,T,ED5-8,Y20-24,PC,HU33,2010,6.0,
ESTAT:EDAT_LFSE_04(1.0),27/09/22 23:00:00,A,T,ED5-8,Y20-24,PC,PT11,2010,11.1,
ESTAT:EDAT_LFSE_04(1.0),27/09/22 23:00:00,A,T,ED5-8,Y20-24,PC,PT15,2010,,u
ESTAT:EDAT_LFSE_04(1.0),27/09/22 23:00:00,A,T,ED5-8,Y20-24,PC,PT16,2010,9.1,
ESTAT:EDAT_LFSE_04(1.0),27/09/22 23:00:00,A,T,ED5-8,Y20-24,PC,PT17,2010,16.0,
ESTAT:EDAT_LFSE_04(1.0),27/09/22 23:00:00,A,T,ED5-8,Y20-24,PC,PT18,2010,,u
ESTAT:EDAT_LFSE_04(1.0),27/09/22 23:00:00,A,T,ED5-8,Y20-24,PC,PT20,2010,,u
ESTAT:EDAT_LFSE_04(1.0),27/09/22 23:00:00,A,T,ED5-8,Y20-24,PC,PT30,2010,,u
ESTAT:EDAT_LFSE_04(1.0),27/09/22 23:00:00,A,T,ED5-8,Y20-24,PC,SK01,2010,15.2,
ESTAT:EDAT_LFSE_04(1.0),27/09/22 23:00:00,A,T,ED5-8,Y20-24,PC,SK02,2010,9.2,
ESTAT:EDAT_LFSE_04(1.0),27/09/22 23:00:00,A,T,ED5-8,Y20-24,PC,SK03,2010,11.2,
ESTAT:EDAT_LFSE_04(1.0),27/09/22 23:00:00,A,T,ED5-8,Y20-24,PC,SK04,2010,12.9,
ESTAT:EDAT_LFSE_04(1.0),27/09/22 23:00:00,A,T,ED5-8,Y25-34,PC,DK01,2010,48.6,
ESTAT:EDAT_LFSE_04(1.0),27/09/22 23:00:00,A,T,ED5-8,Y25-34,PC,DK02,2010,27.7,
ESTAT:EDAT_LFSE_04(1.0),27/09/22 23:00:00,A,T,ED5-8,Y25-34,PC,DK03,2010,28.7,
ESTAT:EDAT_LFSE_04(1.0),27/09/22 23:00:00,A,T,ED5-8,Y25-34,PC,DK04,2010,37.2,
ESTAT:EDAT_LFSE_04(1.0),27/09/22 23:00:00,A,T,ED5-8,Y25-34,PC,DK05,2010,32.9,
ESTAT:EDAT_LFSE_04(1.0),27/09/22 23:00:00,A,T,ED5-8,Y25-34,PC,FR10,2010,51.8,
ESTAT:EDAT_LFSE_04(1.0),27/09/22 23:00:00,A,T,ED5-8,Y25-34,PC,FRB0,2010,41.0,
ESTAT:EDAT_LFSE_04(1.0),27/09/22 23:00:00,A,T,ED5-8,Y25-34,PC,FRC1,2010,34.6,
ESTAT:EDAT_LFSE_04(1.0),27/09/22 23:00:00,A,T,ED5-8,Y25-34,PC,FRC2,2010,33.2,
ESTAT:EDAT_LFSE_04(1.0),27/09/22 23:00:00,A,T,ED5-8,Y25-34,PC,FRD1,2010,37.7,
ESTAT:EDAT_LFSE_04(1.0),27/09/22 23:00:00,A,T,ED5-8,Y25-34,PC,FRD2,2010,36.0,
ESTAT:EDAT_LFSE_04(1.0),27/09/22 23:00:00,A,T,ED5-8,Y25-34,PC,FRE1,2010,39.4,
ESTAT:EDAT_LFSE_04(1.0),27/09/22 23:00:00,A,T,ED5-8,Y25-34,PC,FRE2,2010,33.9,
ESTAT:EDAT_LFSE_04(1.0),27/09/22 23:00:00,A,T,ED5-8,Y25-34,PC,FRF1,2010,50.1,
ESTAT:EDAT_LFSE_04(1.0),27/09/22 23:00:00,A,T,ED5-8,Y25-34,PC,FRF2,2010,34.4,
ESTAT:EDAT_LFSE_04(1.0),27/09/22 23:00:00,A,T,ED5-8,Y25-34,PC,FRF3,2010,37.0,
ESTAT:EDAT_LFSE_04(1.0),27/09/22 23:00:00,A,T,ED5-8,Y25-34,PC,FRG0,2010,38.8,
ESTAT:EDAT_LFSE_04(1.0),27/09/22 23:00:00,A,T,ED5-8,Y25-34,PC,FRH0,2010,44.6,
ESTAT:EDAT_LFSE_04(1.0),27/09/22 23:00:00,A,T,ED5-8,Y25-34,PC,FRI1,2010,43.1,
ESTAT:EDAT_LFSE_04(1.0),27/09/22 23:00:00,A,T,ED5-8,Y25-34,PC,FRI2,2010,34.8,
ESTAT:EDAT_LFSE_04(1.0),27/09/22 23:00:00,A,T,ED5-8,Y25-34,PC,FRI3,2010,37.0,
ESTAT:EDAT_LFSE_04(1.0),27/09/22 23:00:00,A,T,ED5-8,Y25-34,PC,FRJ1,2010,33.9,
ESTAT:EDAT_LFSE_04(1.0),27/09/22 23:00:00,A,T,ED5-8,Y25-34,PC,FRJ2,2010,49.0,
ESTAT:EDAT_LFSE_04(1.0),27/09/22 23:00:00,A,T,ED5-8,Y25-34,PC,FRK1,2010,44.2,
ESTAT:EDAT_LFSE_04(1.0),27/09/22 23:00:00,A,T,ED5-8,Y25-34,PC,FRK2,2010,42.6,
ESTAT:EDAT_LFSE_04(1.0),27/09/22 23:00:00,A,T,ED5-8,Y25-34,PC,FRL0,2010,37.6,
ESTAT:EDAT_LFSE_04(1.0),27/09/22 23:00:00,A,T,ED5-8,Y25-34,PC,FRM0,2010,26.7,u
ESTAT:EDAT_LFSE_04(1.0),27/09/22 23:00:00,A,T,ED5-8,Y25-34,PC,HU10,2010,35.6,
ESTAT:EDAT_LFSE_04(1.0),27/09/22 23:00:00,A,T,ED5-8,Y25-34,PC,HU21,2010,19.7,
ESTAT:EDAT_LFSE_04(1.0),27/09/22 23:00:00,A,T,ED5-8,Y25-34,PC,HU22,2010,20.0,
ESTAT:EDAT_LFSE_04(1.0),27/09/22 23:00:00,A,T,ED5-8,Y25-34,PC,HU23,2010,21.1,
ESTAT:EDAT_LFSE_04(1.0),27/09/22 23:00:00,A,T,ED5-8,Y25-34,PC,HU31,2010,20.8,
ESTAT:EDAT_LFSE_04(1.0),27/09/22 23:00:00,A,T,ED5-8,Y25-34,PC,HU32,2010,22.8,
ESTAT:EDAT_LFSE_04(1.0),27/09/22 23:00:00,A,T,ED5-8,Y25-34,PC,HU33,2010,24.2,
ESTAT:EDAT_LFSE_04(1.0),27/09/22 23:00:00,A,T,ED5-8,Y25-34,PC,PT11,2010,22.1,
ESTAT:EDAT_LFSE_04(1.0),27/09/22 23:00:00,A,T,ED5-8,Y25-34,PC,PT15,2010,25.1,
ESTAT:EDAT_LFSE_04(1.0),27/09/22 23:00:00,A,T,ED5-8,Y25-34,PC,PT16,2010,22.0,
ESTAT:EDAT_LFSE_04(1.0),27/09/22 23:00:00,A,T,ED5-8,Y25-34,PC,PT17,2010,34.7,
ESTAT:EDAT_LFSE_04(1.0),27/09/22 23:00:00,A,T,ED5-8,Y25-34,PC,PT18,2010,21.5,
ESTAT:EDAT_LFSE_04(1.0),27/09/22 23:00:00,A,T,ED5-8,Y25-34,PC,PT20,2010,14.0,
ESTAT:EDAT_LFSE_04(1.0),27/09/22 23:00:00,A,T,ED5-8,Y25-34,PC,PT30,2010,22.7,
ESTAT:EDAT_LFSE_04(1.0),27/09/22 23:00:00,A,T,ED5-8,Y25-34,PC,SK01,2010,41.1,
ESTAT:EDAT_LFSE_04(1.0),27/09/22 23:00:00,A,T,ED5-8,Y25-34,PC,SK02,2010,18.7,
ESTAT:EDAT_LFSE_04(1.0),27/09/22 23:00:00,A,T,ED5-8,Y25-34,PC,SK03,2010,24.9,
ESTAT:EDAT_LFSE_04(1.0),27/09/22 23:00:00,A,T,ED5-8,Y25-34,PC,SK04,2010,22.1,
ESTAT:EDAT_LFSE_04(1.0),27/09/22 23:00:00,A,T,ED5-8,Y25-64,PC,DK01,2010,42.8,
ESTAT:EDAT_LFSE_04(1.0),27/09/22 23:00:00,A,T,ED5-8,Y25-64,PC,DK02,2010,26.5,
ESTAT:EDAT_LFSE_04(1.0),27/09/22 23:00:00,A,T,ED5-8,Y25-64,PC,DK03,2010,27.4,
ESTAT:EDAT_LFSE_04(1.0),27/09/22 23:00:00,A,T,ED5-8,Y25-64,PC,DK04,2010,32.0,
ESTAT:EDAT_LFSE_04(1.0),27/09/22 23:00:00,A,T,ED5-8,Y25-64,PC,DK05,2010,28.4,
ESTAT:EDAT_LFSE_04(1.0),27/09/22 23:00:00,A,T,ED5-8,Y25-64,PC,FR10,2010,39.7,
ESTAT:EDAT_LFSE_04(1.0),27/09/22 23:00:00,A,T,ED5-8,Y25-64,PC,FRB0,2010,24.9,
ESTAT:EDAT_LFSE_04(1.0),27/09/22 23:00:00,A,T,ED5-8,Y25-64,PC,FRC1,2010,22.4,
ESTAT:EDAT_LFSE_04(1.0),27/09/22 23:00:00,A,T,ED5-8,Y25-64,PC,FRC2,2010,22.3,
ESTAT:EDAT_LFSE_04(1.0),27/09/22 23:00:00,A,T,ED5-8,Y25-64,PC,FRD1,2010,24.7,
ESTAT:EDAT_LFSE_04(1.0),27/09/22 23:00:00,A,T,ED5-8,Y25-64,PC,FRD2,2010,21.8,
ESTAT:EDAT_LFSE_04(1.0),27/09/22 23:00:00,A,T,ED5-8,Y25-64,PC,FRE1,2010,26.0,
ESTAT:EDAT_LFSE_04(1.0),27/09/22 23:00:00,A,T,ED5-8,Y25-64,PC,FRE2,2010,19.7,
ESTAT:EDAT_LFSE_04(1.0),27/09/22 23:00:00,A,T,ED5-8,Y25-64,PC,FRF1,2010,30.9,
ESTAT:EDAT_LFSE_04(1.0),27/09/22 23:00:00,A,T,ED5-8,Y25-64,PC,FRF2,2010,20.9,
ESTAT:EDAT_LFSE_04(1.0),27/09/22 23:00:00,A,T,ED5-8,Y25-64,PC,FRF3,2010,23.9,
ESTAT:EDAT_LFSE_04(1.0),27/09/22 23:00:00,A,T,ED5-8,Y25-64,PC,FRG0,2010,26.4,
ESTAT:EDAT_LFSE_04(1.0),27/09/22 23:00:00,A,T,ED5-8,Y25-64,PC,FRH0,2010,27.9,
ESTAT:EDAT_LFSE_04(1.0),27/09/22 23:00:00,A,T,ED5-8,Y25-64,PC,FRI1,2010,29.0,
ESTAT:EDAT_LFSE_04(1.0),27/09/22 23:00:00,A,T,ED5-8,Y25-64,PC,FRI2,2010,23.5,
ESTAT:EDAT_LFSE_04(1.0),27/09/22 23:00:00,A,T,ED5-8,Y25-64,PC,FRI3,2010,23.0,
ESTAT:EDAT_LFSE_04(1.0),27/09/22 23:00:00,A,T,ED5-8,Y25-64,PC,FRJ1,2010,25.2,
ESTAT:EDAT_LFSE_04(1.0),27/09/22 23:00:00,A,T,ED5-8,Y25-64,PC,FRJ2,2010,34.9,
ESTAT:EDAT_LFSE_04(1.0),27/09/22 23:00:00,A,T,ED5-8,Y25-64,PC,FRK1,2010,24.7,
ESTAT:EDAT_LFSE_04(1.0),27/09/22 23:00:00,A,T,ED5-8,Y25-64,PC,FRK2,2010,28.6,
ESTAT:EDAT_LFSE_04(1.0),27/09/22 23:00:00,A,T,ED5-8,Y25-64,PC,FRL0,2010,27.5,
ESTAT:EDAT_LFSE_04(1.0),27/09/22 23:00:00,A,T,ED5-8,Y25-64,PC,FRM0,2010,17.6,u
ESTAT:EDAT_LFSE_04(1.0),27/09/22 23:00:00,A,T,ED5-8,Y25-64,PC,HU10,2010,29.9,
ESTAT:EDAT_LFSE_04(1.0),27/09/22 23:00:00,A,T,ED5-8,Y25-64,PC,HU21,2010,14.2,
ESTAT:EDAT_LFSE_04(1.0),27/09/22 23:00:00,A,T,ED5-8,Y25-64,PC,HU22,2010,15.5,
ESTAT:EDAT_LFSE_04(1.0),27/09/22 23:00:00,A,T,ED5-8,Y25-64,PC,HU23,2010,16.1,
ESTAT:EDAT_LFSE_04(1.0),27/09/22 23:00:00,A,T,ED5-8,Y25-64,PC,HU31,2010,15.6,
ESTAT:EDAT_LFSE_04(1.0),27/09/22 23:00:00,A,T,ED5-8,Y25-64,PC,HU32,2010,15.9,
ESTAT:EDAT_LFSE_04(1.0),27/09/22 23:00:00,A,T,ED5-8,Y25-64,PC,HU33,2010,17.4,
ESTAT:EDAT_LFSE_04(1.0),27/09/22 23:00:00,A,T,ED5-8,Y25-64,PC,PT11,2010,12.8,
ESTAT:EDAT_LFSE_04(1.0),27/09/22 23:00:00,A,T,ED5-8,Y25-64,PC,PT15,2010,15.2,
ESTAT:EDAT_LFSE_04(1.0),27/09/22 23:00:00,A,T,ED5-8,Y25-64,PC,PT16,2010,12.3,
ESTAT:EDAT_LFSE_04(1.0),27/09/22 23:00:00,A,T,ED5-8,Y25-64,PC,PT17,2010,22.9,
ESTAT:EDAT_LFSE_04(1.0),27/09/22 23:00:00,A,T,ED5-8,Y25-64,PC,PT18,2010,13.5,
ESTAT:EDAT_LFSE_04(1.0),27/09/22 23:00:00,A,T,ED5-8,Y25-64,PC,PT20,2010,9.9,
ESTAT:EDAT_LFSE_04(1.0),27/09/22 23:00:00,A,T,ED5-8,Y25-64,PC,PT30,2010,12.7,
ESTAT:EDAT_LFSE_04(1.0),27/09/22 23:00:00,A,T,ED5-8,Y25-64,PC,SK01,2010,33.6,
ESTAT:EDAT_LFSE_04(1.0),27/09/22 23:00:00,A,T,ED5-8,Y25-64,PC,SK02,2010,13.9,
ESTAT:EDAT_LFSE_04(1.0),27/09/22 23:00:00,A,T,ED5-8,Y25-64,PC,SK03,2010,17.1,
ESTAT:EDAT_LFSE_04(1.0),27/09/22 23:00:00,A,T,ED5-8,Y25-64,PC,SK04,2010,14.6,
ESTAT:EDAT_LFSE_04(1.0),27/09/22 23:00:00,A,T,ED5-8,Y30-34,PC,DK01,2010,53.5,
ESTAT:EDAT_LFSE_04(1.0),27/09/22 23:00:00,A,T,ED5-8,Y30-34,PC,DK02,2010,34.7,
ESTAT:EDAT_LFSE_04(1.0),27/09/22 23:00:00,A,T,ED5-8,Y30-34,PC,DK03,2010,31.6,
ESTAT:EDAT_LFSE_04(1.0),27/09/22 23:00:00,A,T,ED5-8,Y30-34,PC,DK04,2010,38.8,
ESTAT:EDAT_LFSE_04(1.0),27/09/22 23:00:00,A,T,ED5-8,Y30-34,PC,DK05,2010,35.4,
ESTAT:EDAT_LFSE_04(1.0),27/09/22 23:00:00,A,T,ED5-8,Y30-34,PC,FR10,2010,52.2,
ESTAT:EDAT_LFSE_04(1.0),27/09/22 23:00:00,A,T,ED5-8,Y30-34,PC,FRB0,2010,41.8,
ESTAT:EDAT_LFSE_04(1.0),27/09/22 23:00:00,A,T,ED5-8,Y30-34,PC,FRC1,2010,32.9,
ESTAT:EDAT_LFSE_04(1.0),27/09/22 23:00:00,A,T,ED5-8,Y30-34,PC,FRC2,2010,35.1,
ESTAT:EDAT_LFSE_04(1.0),27/09/22 23:00:00,A,T,ED5-8,Y30-34,PC,FRD1,2010,38.8,
ESTAT:EDAT_LFSE_04(1.0),27/09/22 23:00:00,A,T,ED5-8,Y30-34,PC,FRD2,2010,39.4,
ESTAT:EDAT_LFSE_04(1.0),27/09/22 23:00:00,A,T,ED5-8,Y30-34,PC,FRE1,2010,42.2,
ESTAT:EDAT_LFSE_04(1.0),27/09/22 23:00:00,A,T,ED5-8,Y30-34,PC,FRE2,2010,35.0,
ESTAT:EDAT_LFSE_04(1.0),27/09/22 23:00:00,A,T,ED5-8,Y30-34,PC,FRF1,2010,44.9,
ESTAT:EDAT_LFSE_04(1.0),27/09/22 23:00:00,A,T,ED5-8,Y30-34,PC,FRF2,2010,34.4,
ESTAT:EDAT_LFSE_04(1.0),27/09/22 23:00:00,A,T,ED5-8,Y30-34,PC,FRF3,2010,39.5,
ESTAT:EDAT_LFSE_04(1.0),27/09/22 23:00:00,A,T,ED5-8,Y30-34,PC,FRG0,2010,39.1,
ESTAT:EDAT_LFSE_04(1.0),27/09/22 23:00:00,A,T,ED5-8,Y30-34,PC,FRH0,2010,44.6,
ESTAT:EDAT_LFSE_04(1.0),27/09/22 23:00:00,A,T,ED5-8,Y30-34,PC,FRI1,2010,44.6,
ESTAT:EDAT_LFSE_04(1.0),27/09/22 23:00:00,A,T,ED5-8,Y30-34,PC,FRI2,2010,38.5,
ESTAT:EDAT_LFSE_04(1.0),27/09/22 23:00:00,A,T,ED5-8,Y30-34,PC,FRI3,2010,39.3,
ESTAT:EDAT_LFSE_04(1.0),27/09/22 23:00:00,A,T,ED5-8,Y30-34,PC,FRJ1,2010,32.6,
ESTAT:EDAT_LFSE_04(1.0),27/09/22 23:00:00,A,T,ED5-8,Y30-34,PC,FRJ2,2010,47.5,
ESTAT:EDAT_LFSE_04(1.0),27/09/22 23:00:00,A,T,ED5-8,Y30-34,PC,FRK1,2010,40.9,
ESTAT:EDAT_LFSE_04(1.0),27/09/22 23:00:00,A,T,ED5-8,Y30-34,PC,FRK2,2010,44.2,
ESTAT:EDAT_LFSE_04(1.0),27/09/22 23:00:00,A,T,ED5-8,Y30-34,PC,FRL0,2010,36.4,
ESTAT:EDAT_LFSE_04(1.0),27/09/22 23:00:00,A,T,ED5-8,Y30-34,PC,FRM0,2010,,u
ESTAT:EDAT_LFSE_04(1.0),27/09/22 23:00:00,A,T,ED5-8,Y30-34,PC,HU10,2010,37.9,
ESTAT:EDAT_LFSE_04(1.0),27/09/22 23:00:00,A,T,ED5-8,Y30-34,PC,HU21,2010,19.0,
ESTAT:EDAT_LFSE_04(1.0),27/09/22 23:00:00,A,T,ED5-8,Y30-34,PC,HU22,2010,18.4,
ESTAT:EDAT_LFSE_04(1.0),27/09/22 23:00:00,A,T,ED5-8,Y30-34,PC,HU23,2010,19.3,
ESTAT:EDAT_LFSE_04(1.0),27/09/22 23:00:00,A,T,ED5-8,Y30-34,PC,HU31,2010,21.2,
ESTAT:EDAT_LFSE_04(1.0),27/09/22 23:00:00,A,T,ED5-8,Y30-34,PC,HU32,2010,20.5,
ESTAT:EDAT_LFSE_04(1.0),27/09/22 23:00:00,A,T,ED5-8,Y30-34,PC,HU33,2010,22.4,
ESTAT:EDAT_LFSE_04(1.0),27/09/22 23:00:00,A,T,ED5-8,Y30-34,PC,PT11,2010,19.8,
ESTAT:EDAT_LFSE_04(1.0),27/09/22 23:00:00,A,T,ED5-8,Y30-34,PC,PT15,2010,26.7,
ESTAT:EDAT_LFSE_04(1.0),27/09/22 23:00:00,A,T,ED5-8,Y30-34,PC,PT16,2010,19.8,
ESTAT:EDAT_LFSE_04(1.0),27/09/22 23:00:00,A,T,ED5-8,Y30-34,PC,PT17,2010,34.8,
ESTAT:EDAT_LFSE_04(1.0),27/09/22 23:00:00,A,T,ED5-8,Y30-34,PC,PT18,2010,16.7,
ESTAT:EDAT_LFSE_04(1.0),27/09/22 23:00:00,A,T,ED5-8,Y30-34,PC,PT20,2010,,u
ESTAT:EDAT_LFSE_04(1.0),27/09/22 23:00:00,A,T,ED5-8,Y30-34,PC,PT30,2010,24.4,
ESTAT:EDAT_LFSE_04(1.0),27/09/22 23:00:00,A,T,ED5-8,Y30-34,PC,SK01,2010,41.8,
ESTAT:EDAT_LFSE_04(1.0),27/09/22 23:00:00,A,T,ED5-8,Y30-34,PC,SK02,2010,16.9,
ESTAT:EDAT_LFSE_04(1.0),27/09/22 23:00:00,A,T,ED5-8,Y30-34,PC,SK03,2010,23.5,
ESTAT:EDAT_LFSE_04(1.0),27/09/22 23:00:00,A,T,ED5-8,Y30-34,PC,SK04,2010,17.9,
